ID,Date,mood,circumplex.arousal,circumplex.valence,activity,screen,call,sms,appCat.builtin,appCat.communication,appCat.entertainment,appCat.finance,appCat.game,appCat.office,appCat.other,appCat.social,appCat.travel,appCat.unknown,appCat.utilities,appCat.weather,t
AS14.01,2014-02-26,6.25,-0.25,2.0,,,,,,,,,,,,,,,,,10.0
AS14.01,2014-02-27,6.333333333333333,0.0,0.0,,,,,,,,,,,,,,,,,11.0
AS14.01,2014-03-21,6.2,0.2,598.7539999999999,,,,,,,,,,,,,,,,,33.0
AS14.01,2014-03-22,6.4,0.6,117.62100000000001,,,,,,,,,,,,,,,,,34.0
AS14.01,2014-03-23,6.8,0.2,30.386,,,,,,,,,,,,,,,,,35.0
AS14.01,2014-03-24,6.0,0.8,178.732,,,,,,,,,,,,,,,,,36.0
AS14.01,2014-03-25,6.75,0.5,222.893,,,,,,,,,,,,,,,,,37.0
AS14.01,2014-03-26,6.6,-0.2,33.365,,,,,,,,,,,,,,,,,38.0
AS14.01,2014-03-27,7.0,0.2,179.02899999999997,,,,,,,,,,,,,,,,,39.0
AS14.01,2014-03-28,6.4,-0.6,301.717,,,,,,,,,,,,,,,,,40.0
AS14.01,2014-03-29,8.0,0.2,600.6370000000001,,,,,,,,,,,,,,,,,41.0
AS14.01,2014-03-30,7.5,-0.5,38.296,,,,,,,,,,,,,,,,,42.0
AS14.01,2014-03-31,7.4,0.0,210.30500000000004,,,,,,,,,,,,,,,,,43.0
AS14.01,2014-04-01,6.0,0.2,517.636,,,,,,,,,,,,,,,,,44.0
AS14.01,2014-04-02,6.5,0.3333333333333333,341.371,,,,,,,,,,,,,,,,,45.0
AS14.01,2014-04-03,6.4,-1.2,182.772,,,,,,,,,,,,,,,,,46.0
AS14.01,2014-04-04,6.2,0.2,128.692,,,,,,,,,,,,,,,,,47.0
AS14.01,2014-04-05,6.8,-0.4,118.956,,,,,,,,,,,,,,,,,48.0
AS14.01,2014-04-06,6.5,-0.75,46.249,,,,,,,,,,,,,,,,,49.0
AS14.01,2014-04-07,6.5,-0.6666666666666666,205.81100000000004,,,,,,,,,,,,,,,,,50.0
AS14.01,2014-04-08,6.6,-0.4,36.143,,,,,,,,,,,,,,,,,51.0
AS14.01,2014-04-09,7.4,-0.8,577.359,,,,,,,,,,,,,,,,,52.0
AS14.01,2014-04-10,7.4,-0.4,377.68699999999995,,,,,,,,,,,,,,,,,53.0
AS14.01,2014-04-11,7.0,-1.2,214.648,,,,,,,,,,,,,,,,,54.0
AS14.01,2014-04-12,7.25,-0.75,352.39199999999994,,,,,,,,,,,,,,,,,55.0
AS14.01,2014-04-13,8.0,-1.25,0.0,,,,,,,,,,,,,,,,,56.0
AS14.01,2014-04-14,7.2,-1.2,986.014,,,,,,,,,,,,,,,,,57.0
AS14.01,2014-04-15,6.4,0.0,279.79299999999995,,,,,,,,,,,,,,,,,58.0
AS14.01,2014-04-16,7.2,0.75,223.587,,,,,,,,,,,,,,,,,59.0
AS14.01,2014-04-17,6.6,-0.4,49.718,,,,,,,,,,,,,,,,,60.0
AS14.01,2014-04-18,6.8,-0.8,88.68,,,,,,,,,,,,,,,,,61.0
AS14.01,2014-04-19,7.8,-0.2,305.79600000000005,,,,,,,,,,,,,,,,,62.0
AS14.01,2014-04-20,7.25,-0.25,121.03500000000001,,,,,,,,,,,,,,,,,63.0
AS14.01,2014-04-21,7.6,-0.25,210.88199999999998,,,,,,,,,,,,,,,,,64.0
AS14.01,2014-04-22,7.4,0.2,423.215,,,,,,,,,,,,,,,,,65.0
AS14.01,2014-04-23,7.6,0.2,246.944,,,,,,,,,,,,,,,,,66.0
AS14.01,2014-04-24,7.6,-0.4,716.1970000000001,,,,,,,,,,,,,,,,,67.0
AS14.01,2014-04-25,7.2,-0.2,347.974,,,,,,,,,,,,,,,,,68.0
AS14.01,2014-04-26,7.6,-0.2,315.763,,,,,,,,,,,,,,,,,69.0
AS14.01,2014-04-27,7.5,0.0,60.337999999999994,,,,,,,,,,,,,,,,,70.0
AS14.01,2014-04-28,7.6,-0.8,380.193,,,,,,,,,,,,,,,,,71.0
AS14.01,2014-04-29,7.0,-0.25,410.436,,,,,,,,,,,,,,,,,72.0
AS14.01,2014-04-30,7.8,-0.4,112.29499999999999,,,,,,,,,,,,,,,,,73.0
AS14.01,2014-05-01,8.0,-0.4,269.56899999999996,,,,,,,,,,,,,,,,,74.0
AS14.01,2014-05-02,7.6,-0.2,11.082999999999998,,,,,,,,,,,,,,,,,75.0
AS14.01,2014-05-03,8.0,-0.2,125.60499999999999,,,,,,,,,,,,,,,,,76.0
AS14.01,2014-05-04,8.0,-0.5,0.0,,,,,,,,,,,,,,,,,77.0
AS14.02,2014-03-16,6.333333333333333,0.0,0.0,,,,,,,,,,,,,,,,,28.0
AS14.02,2014-03-17,6.75,0.5,0.0,,,,,,,,,,,,,,,,,29.0
AS14.02,2014-03-18,8.2,0.6,0.0,,,,,,,,,,,,,,,,,30.0
AS14.02,2014-03-19,6.8,0.4,567.1649999999998,,,,,,,,,,,,,,,,,31.0
AS14.02,2014-03-20,7.25,-0.5,0.0,,,,,,,,,,,,,,,,,32.0
AS14.02,2014-03-21,7.5,-0.75,442.29599999999994,,,,,,,,,,,,,,,,,33.0
AS14.02,2014-03-22,6.5,-1.0,780.617,,,,,,,,,,,,,,,,,34.0
AS14.02,2014-03-23,6.25,-1.0,1263.189,,,,,,,,,,,,,,,,,35.0
AS14.02,2014-03-24,6.4,0.2,0.0,,,,,,,,,,,,,,,,,36.0
AS14.02,2014-03-25,7.75,-1.25,0.0,,,,,,,,,,,,,,,,,37.0
AS14.02,2014-03-26,7.2,-1.2,0.0,,,,,,,,,,,,,,,,,38.0
AS14.02,2014-03-27,7.25,0.0,67.16300000000001,,,,,,,,,,,,,,,,,39.0
AS14.02,2014-03-28,6.8,-0.6,0.0,,,,,,,,,,,,,,,,,40.0
AS14.02,2014-03-29,7.25,-0.75,0.0,,,,,,,,,,,,,,,,,41.0
AS14.02,2014-03-30,7.0,-1.0,0.0,,,,,,,,,,,,,,,,,42.0
AS14.02,2014-03-31,7.2,-0.8,0.0,,,,,,,,,,,,,,,,,43.0
AS14.02,2014-04-01,7.4,-0.2,0.0,,,,,,,,,,,,,,,,,44.0
AS14.02,2014-04-02,6.4,-0.6,0.0,,,,,,,,,,,,,,,,,45.0
AS14.02,2014-04-03,5.75,-0.25,0.0,,,,,,,,,,,,,,,,,46.0
AS14.02,2014-04-04,6.4,-1.2,0.0,,,,,,,,,,,,,,,,,47.0
AS14.02,2014-04-05,7.4,0.0,0.0,,,,,,,,,,,,,,,,,48.0
AS14.02,2014-04-06,4.5,-1.0,0.0,,,,,,,,,,,,,,,,,49.0
AS14.02,2014-04-07,6.8,0.0,0.0,,,,,,,,,,,,,,,,,50.0
AS14.02,2014-04-08,6.25,-0.25,0.0,,,,,,,,,,,,,,,,,51.0
AS14.02,2014-04-09,7.25,-0.5,0.0,,,,,,,,,,,,,,,,,52.0
AS14.02,2014-04-10,7.25,0.25,2.045,,,,,,,,,,,,,,,,,53.0
AS14.02,2014-04-11,6.5,-0.5,0.0,,,,,,,,,,,,,,,,,54.0
AS14.02,2014-04-12,6.0,-2.0,6.985999999999999,,,,,,,,,,,,,,,,,55.0
AS14.02,2014-04-13,7.2,-0.6,0.0,,,,,,,,,,,,,,,,,56.0
AS14.02,2014-04-14,8.0,0.75,84.48800000000001,,,,,,,,,,,,,,,,,57.0
AS14.02,2014-04-15,7.25,-0.5,25.386,,,,,,,,,,,,,,,,,58.0
AS14.02,2014-04-16,6.666666666666667,-0.3333333333333333,0.0,,,,,,,,,,,,,,,,,59.0
AS14.02,2014-04-17,6.5,0.25,0.0,,,,,,,,,,,,,,,,,60.0
AS14.02,2014-04-18,6.5,0.0,0.0,,,,,,,,,,,,,,,,,61.0
AS14.02,2014-04-19,5.666666666666667,-0.6666666666666666,0.0,,,,,,,,,,,,,,,,,62.0
AS14.02,2014-04-20,5.0,-0.6666666666666666,0.0,,,,,,,,,,,,,,,,,63.0
AS14.02,2014-04-21,5.5,-0.5,0.0,,,,,,,,,,,,,,,,,64.0
AS14.02,2014-04-22,5.666666666666667,-1.3333333333333333,106.887,,,,,,,,,,,,,,,,,65.0
AS14.02,2014-04-23,5.5,0.0,1.0,,,,,,,,,,,,,,,,,66.0
AS14.02,2014-04-24,7.0,-0.5,0.0344827586206897,,,,,,,,,,,,,,,,,67.0
AS14.02,2014-04-25,9.0,-1.0,1.0,,,,,,,,,,,,,,,,,68.0
AS14.03,2014-03-21,9.0,1.0,543.588,,,,,,,,,,,,,,,,,33.0
AS14.03,2014-03-22,7.8,0.8,4.35,,,,,,,,,,,,,,,,,34.0
AS14.03,2014-03-23,8.2,-0.2,44.854,,,,,,,,,,,,,,,,,35.0
AS14.03,2014-03-24,7.8,-0.6,0.0,,,,,,,,,,,,,,,,,36.0
AS14.03,2014-03-25,7.8,-0.4,0.0,,,,,,,,,,,,,,,,,37.0
AS14.03,2014-03-26,8.25,0.5,0.0,,,,,,,,,,,,,,,,,38.0
AS14.03,2014-03-27,7.75,0.25,0.0,,,,,,,,,,,,,,,,,39.0
AS14.03,2014-03-28,8.0,-0.5,0.0,,,,,,,,,,,,,,,,,40.0
AS14.03,2014-03-29,8.6,-0.2,0.0,,,,,,,,,,,,,,,,,41.0
AS14.03,2014-03-30,8.4,-0.2,31.955000000000002,,,,,,,,,,,,,,,,,42.0
AS14.03,2014-03-31,7.4,0.4,5.16,,,,,,,,,,,,,,,,,43.0
AS14.03,2014-04-01,7.6,0.4,0.0,,,,,,,,,,,,,,,,,44.0
AS14.03,2014-04-02,7.4,0.2,0.0,,,,,,,,,,,,,,,,,45.0
AS14.03,2014-04-03,7.8,0.0,29.197000000000003,,,,,,,,,,,,,,,,,46.0
AS14.03,2014-04-04,7.8,0.2,0.0,,,,,,,,,,,,,,,,,47.0
AS14.03,2014-04-05,7.6,1.2,0.0,,,,,,,,,,,,,,,,,48.0
AS14.03,2014-04-06,6.8,0.2,0.0,,,,,,,,,,,,,,,,,49.0
AS14.03,2014-04-07,7.4,0.2,0.0,,,,,,,,,,,,,,,,,50.0
AS14.03,2014-04-08,7.4,0.4,0.0,,,,,,,,,,,,,,,,,51.0
AS14.03,2014-04-09,7.8,0.6,0.0,,,,,,,,,,,,,,,,,52.0
AS14.03,2014-04-10,7.4,0.4,0.0,,,,,,,,,,,,,,,,,53.0
AS14.03,2014-04-11,7.6,0.2,4.513,,,,,,,,,,,,,,,,,54.0
AS14.03,2014-04-12,7.666666666666667,0.3333333333333333,9.33,,,,,,,,,,,,,,,,,55.0
AS14.03,2014-04-13,7.4,0.2,0.0,,,,,,,,,,,,,,,,,56.0
AS14.03,2014-04-14,7.0,0.0,17.303,,,,,,,,,,,,,,,,,57.0
AS14.03,2014-04-15,7.6,0.2,0.0,,,,,,,,,,,,,,,,,58.0
AS14.03,2014-04-16,8.0,0.8,7.662000000000001,,,,,,,,,,,,,,,,,59.0
AS14.03,2014-04-17,7.25,0.25,31.331,,,,,,,,,,,,,,,,,60.0
AS14.03,2014-04-18,7.5,0.0,7.954,,,,,,,,,,,,,,,,,61.0
AS14.03,2014-04-19,7.8,0.6,0.0,,,,,,,,,,,,,,,,,62.0
AS14.03,2014-04-20,7.5,0.25,0.0,,,,,,,,,,,,,,,,,63.0
AS14.03,2014-04-21,7.4,0.2,5.461,,,,,,,,,,,,,,,,,64.0
AS14.03,2014-04-22,7.6,0.4,0.0,,,,,,,,,,,,,,,,,65.0
AS14.03,2014-04-23,7.0,0.6,0.0,,,,,,,,,,,,,,,,,66.0
AS14.03,2014-04-24,7.4,-0.2,0.0,,,,,,,,,,,,,,,,,67.0
AS14.03,2014-04-25,7.5,-1.0,10.174,,,,,,,,,,,,,,,,,68.0
AS14.03,2014-04-26,7.5,-0.25,0.0,,,,,,,,,,,,,,,,,69.0
AS14.03,2014-04-27,7.6,-1.4,0.0,,,,,,,,,,,,,,,,,70.0
AS14.03,2014-04-28,7.0,-1.4,13.238,,,,,,,,,,,,,,,,,71.0
AS14.03,2014-04-29,7.2,-0.6,0.0,,,,,,,,,,,,,,,,,72.0
AS14.03,2014-04-30,7.0,-1.2,16.27,,,,,,,,,,,,,,,,,73.0
AS14.03,2014-05-01,7.2,-0.8,12.198,,,,,,,,,,,,,,,,,74.0
AS14.03,2014-05-02,7.6,-1.2,28.902,,,,,,,,,,,,,,,,,75.0
AS14.03,2014-05-03,7.75,-0.4,11.342,,,,,,,,,,,,,,,,,76.0
AS14.03,2014-05-04,7.4,-1.2,0.0,,,,,,,,,,,,,,,,,77.0
AS14.03,2014-05-05,7.25,-1.0,6.155,,,,,,,,,,,,,,,,,78.0
AS14.03,2014-05-06,,,12.061,,,,,,,,,,,,,,,,,79.0
AS14.03,2014-05-07,7.666666666666667,-0.6666666666666666,37.385999999999996,,,,,,,,,,,,,,,,,80.0
AS14.05,2014-03-14,8.0,-1.0,28.656999999999996,,,,,,,,,,,,,,,,,26.0
AS14.05,2014-03-15,6.2,0.0,41.317,,,,,,,,,,,,,,,,,27.0
AS14.05,2014-03-16,6.333333333333333,-0.6666666666666666,28.372999999999998,,,,,,,,,,,,,,,,,28.0
AS14.05,2014-03-17,6.0,-0.4,19.328,,,,,,,,,,,,,,,,,29.0
AS14.05,2014-03-18,7.5,0.25,57.916000000000004,,,,,,,,,,,,,,,,,30.0
AS14.05,2014-03-19,6.75,1.0,15.09,,,,,,,,,,,,,,,,,31.0
AS14.05,2014-03-20,7.2,1.0,0.0,,,,,,,,,,,,,,,,,32.0
AS14.05,2014-03-21,7.25,0.0,0.0,,,,,,,,,,,,,,,,,33.0
AS14.05,2014-03-22,3.75,-2.0,7.0360000000000005,,,,,,,,,,,,,,,,,34.0
AS14.05,2014-03-23,4.4,-1.4,0.0,,,,,,,,,,,,,,,,,35.0
AS14.05,2014-03-24,3.75,-2.0,153.627,,,,,,,,,,,,,,,,,36.0
AS14.05,2014-03-25,5.333333333333333,-1.0,495.038,,,,,,,,,,,,,,,,,37.0
AS14.05,2014-03-26,5.5,-0.5,0.0,,,,,,,,,,,,,,,,,38.0
AS14.05,2014-03-27,5.8,-0.6,26.285,,,,,,,,,,,,,,,,,39.0
AS14.05,2014-03-28,6.2,0.0,17.070999999999998,,,,,,,,,,,,,,,,,40.0
AS14.05,2014-03-29,6.4,-0.4,47.14,,,,,,,,,,,,,,,,,41.0
AS14.05,2014-03-30,6.2,-0.8,95.89500000000001,,,,,,,,,,,,,,,,,42.0
AS14.05,2014-03-31,6.8,-0.4,66.52600000000001,,,,,,,,,,,,,,,,,43.0
AS14.05,2014-04-01,7.0,0.0,19.131,,,,,,,,,,,,,,,,,44.0
AS14.05,2014-04-02,7.0,-0.2,10.105999999999998,,,,,,,,,,,,,,,,,45.0
AS14.05,2014-04-03,7.2,-1.0,0.0,,,,,,,,,,,,,,,,,46.0
AS14.05,2014-04-04,7.0,-0.8,22.511000000000003,,,,,,,,,,,,,,,,,47.0
AS14.05,2014-04-05,7.5,0.0,0.0,,,,,,,,,,,,,,,,,48.0
AS14.05,2014-04-06,6.8,-0.4,72.99799999999999,,,,,,,,,,,,,,,,,49.0
AS14.05,2014-04-07,6.75,-0.25,32.202999999999996,,,,,,,,,,,,,,,,,50.0
AS14.05,2014-04-08,6.75,0.25,0.0,,,,,,,,,,,,,,,,,51.0
AS14.05,2014-04-09,7.0,0.25,4.016,,,,,,,,,,,,,,,,,52.0
AS14.05,2014-04-10,7.2,0.8,4.033,,,,,,,,,,,,,,,,,53.0
AS14.05,2014-04-11,7.0,0.2,5.04,,,,,,,,,,,,,,,,,54.0
AS14.05,2014-04-12,7.0,-1.4,38.441,,,,,,,,,,,,,,,,,55.0
AS14.05,2014-04-13,7.5,0.3333333333333333,0.0,,,,,,,,,,,,,,,,,56.0
AS14.05,2014-04-14,6.4,-1.2,74.099,,,,,,,,,,,,,,,,,57.0
AS14.05,2014-04-15,7.0,0.2,11.224,,,,,,,,,,,,,,,,,58.0
AS14.05,2014-04-16,7.2,-0.6,23.194,,,,,,,,,,,,,,,,,59.0
AS14.05,2014-04-17,6.6,0.4,40.364,,,,,,,,,,,,,,,,,60.0
AS14.05,2014-04-18,7.5,0.25,3.028,,,,,,,,,,,,,,,,,61.0
AS14.05,2014-04-19,7.2,-0.8,14.285,,,,,,,,,,,,,,,,,62.0
AS14.05,2014-04-20,7.2,-1.2,109.91999999999999,,,,,,,,,,,,,,,,,63.0
AS14.05,2014-04-21,7.2,-0.6,215.02900000000002,,,,,,,,,,,,,,,,,64.0
AS14.05,2014-04-22,7.2,0.4,12.18,,,,,,,,,,,,,,,,,65.0
AS14.05,2014-04-23,7.2,-1.0,0.0,,,,,,,,,,,,,,,,,66.0
AS14.05,2014-04-24,7.2,-0.75,10.037,,,,,,,,,,,,,,,,,67.0
AS14.05,2014-04-25,7.2,-1.2,35.265,,,,,,,,,,,,,,,,,68.0
AS14.05,2014-04-26,7.8,-0.8,72.45899999999999,,,,,,,,,,,,,,,,,69.0
AS14.05,2014-04-27,7.4,-0.6,78.758,,,,,,,,,,,,,,,,,70.0
AS14.05,2014-04-28,7.0,-0.6,3.01,,,,,,,,,,,,,,,,,71.0
AS14.05,2014-04-29,6.8,0.4,10.123999999999999,,,,,,,,,,,,,,,,,72.0
AS14.05,2014-04-30,7.0,-0.6,10.068,,,,,,,,,,,,,,,,,73.0
AS14.05,2014-05-01,6.8,-0.2,0.0,,,,,,,,,,,,,,,,,74.0
AS14.05,2014-05-02,7.0,-0.2,42.229,,,,,,,,,,,,,,,,,75.0
AS14.05,2014-05-03,6.75,0.25,9.075,,,,,,,,,,,,,,,,,76.0
AS14.05,2014-05-04,7.0,0.25,26.158,,,,,,,,,,,,,,,,,77.0
AS14.05,2014-05-05,6.333333333333333,-0.3333333333333333,10.221,,,,,,,,,,,,,,,,,78.0
AS14.06,2014-03-24,7.0,-1.0,292.297,,,,,,,,,,,,,,,,,36.0
AS14.06,2014-03-25,7.0,-0.2,874.7320000000001,,,,,,,,,,,,,,,,,37.0
AS14.06,2014-03-26,8.0,0.5,564.176,,,,,,,,,,,,,,,,,38.0
AS14.06,2014-03-27,7.0,0.25,0.0,,,,,,,,,,,,,,,,,39.0
AS14.06,2014-03-28,7.6,-0.2,80.015,,,,,,,,,,,,,,,,,40.0
AS14.06,2014-03-29,7.8,0.0,0.0,,,,,,,,,,,,,,,,,41.0
AS14.06,2014-03-30,7.8,0.0,4.859,,,,,,,,,,,,,,,,,42.0
AS14.06,2014-03-31,7.0,-0.2,0.0,,,,,,,,,,,,,,,,,43.0
AS14.06,2014-04-01,7.75,0.0,0.0,,,,,,,,,,,,,,,,,44.0
AS14.06,2014-04-02,6.8,-0.6,0.0,,,,,,,,,,,,,,,,,45.0
AS14.06,2014-04-03,7.2,0.0,0.0,,,,,,,,,,,,,,,,,46.0
AS14.06,2014-04-04,7.0,-0.4,0.0,,,,,,,,,,,,,,,,,47.0
AS14.06,2014-04-05,7.0,-0.4,0.0,,,,,,,,,,,,,,,,,48.0
AS14.06,2014-04-06,7.0,-1.0,0.0,,,,,,,,,,,,,,,,,49.0
AS14.06,2014-04-07,6.2,-0.6,0.0,,,,,,,,,,,,,,,,,50.0
AS14.06,2014-04-08,6.6,-0.2,0.0,,,,,,,,,,,,,,,,,51.0
AS14.06,2014-04-09,7.4,0.4,1.0070000000000001,,,,,,,,,,,,,,,,,52.0
AS14.06,2014-04-10,7.6,-0.2,26.138,,,,,,,,,,,,,,,,,53.0
AS14.06,2014-04-11,7.8,-0.2,0.0,,,,,,,,,,,,,,,,,54.0
AS14.06,2014-04-12,8.2,0.4,16.081,,,,,,,,,,,,,,,,,55.0
AS14.06,2014-04-13,6.5,-1.5,0.0,,,,,,,,,,,,,,,,,56.0
AS14.06,2014-04-14,7.25,-0.25,0.0,,,,,,,,,,,,,,,,,57.0
AS14.06,2014-04-15,7.0,-0.4,12.056000000000001,,,,,,,,,,,,,,,,,58.0
AS14.06,2014-04-16,7.6,0.0,0.0,,,,,,,,,,,,,,,,,59.0
AS14.06,2014-04-17,6.8,0.2,0.0,,,,,,,,,,,,,,,,,60.0
AS14.06,2014-04-18,6.25,-1.0,0.0,,,,,,,,,,,,,,,,,61.0
AS14.06,2014-04-19,6.8,0.2,0.0,,,,,,,,,,,,,,,,,62.0
AS14.06,2014-04-20,8.2,0.6,0.0,,,,,,,,,,,,,,,,,63.0
AS14.06,2014-04-21,7.0,0.2,0.0,,,,,,,,,,,,,,,,,64.0
AS14.06,2014-04-22,6.6,-0.4,0.0,,,,,,,,,,,,,,,,,65.0
AS14.06,2014-04-23,7.0,0.0,26.581999999999997,,,,,,,,,,,,,,,,,66.0
AS14.06,2014-04-24,7.75,-0.25,15.117,,,,,,,,,,,,,,,,,67.0
AS14.06,2014-04-25,6.4,-1.0,0.0,,,,,,,,,,,,,,,,,68.0
AS14.06,2014-04-26,7.5,0.0,0.0,,,,,,,,,,,,,,,,,69.0
AS14.06,2014-04-27,7.2,-0.6,0.0,,,,,,,,,,,,,,,,,70.0
AS14.06,2014-04-28,6.75,-0.25,0.0,,,,,,,,,,,,,,,,,71.0
AS14.06,2014-04-29,7.25,0.0,0.0,,,,,,,,,,,,,,,,,72.0
AS14.06,2014-04-30,6.8,-0.6,0.0,,,,,,,,,,,,,,,,,73.0
AS14.06,2014-05-01,8.0,0.0,0.0,,,,,,,,,,,,,,,,,74.0
AS14.06,2014-05-02,7.2,-0.75,7.101,,,,,,,,,,,,,,,,,75.0
AS14.06,2014-05-03,6.25,-0.75,0.0,,,,,,,,,,,,,,,,,76.0
AS14.06,2014-05-04,7.6,-0.8,0.0,,,,,,,,,,,,,,,,,77.0
AS14.06,2014-05-05,7.0,-0.6666666666666666,0.0,,,,,,,,,,,,,,,,,78.0
AS14.06,2014-05-06,,,0.0,,,,,,,,,,,,,,,,,79.0
AS14.06,2014-05-07,6.75,-0.5,8.026,,,,,,,,,,,,,,,,,80.0
AS14.06,2014-05-08,7.0,-1.0,63.596000000000004,,,,,,,,,,,,,,,,,81.0
AS14.07,2014-03-19,6.8,-1.0,255.16,,,,,,,,,,,,,,,,,31.0
AS14.07,2014-03-20,5.25,-0.75,0.0,,,,,,,,,,,,,,,,,32.0
AS14.07,2014-03-21,7.0,0.3333333333333333,31.218000000000004,,,,,,,,,,,,,,,,,33.0
AS14.07,2014-03-22,6.0,-0.4,0.0,,,,,,,,,,,,,,,,,34.0
AS14.07,2014-03-23,7.75,0.0,0.0,,,,,,,,,,,,,,,,,35.0
AS14.07,2014-03-24,8.0,0.5,0.0,,,,,,,,,,,,,,,,,36.0
AS14.07,2014-03-25,7.666666666666667,-0.5,0.0,,,,,,,,,,,,,,,,,37.0
AS14.07,2014-03-26,6.6,0.2,0.0,,,,,,,,,,,,,,,,,38.0
AS14.07,2014-03-27,6.8,0.2,0.0,,,,,,,,,,,,,,,,,39.0
AS14.07,2014-03-28,8.25,0.25,14.225999999999999,,,,,,,,,,,,,,,,,40.0
AS14.07,2014-03-29,7.0,0.2,0.0,,,,,,,,,,,,,,,,,41.0
AS14.07,2014-03-30,6.2,0.2,0.0,,,,,,,,,,,,,,,,,42.0
AS14.07,2014-03-31,4.333333333333333,-1.0,0.0,,,,,,,,,,,,,,,,,43.0
AS14.07,2014-04-01,6.6,-1.0,0.0,,,,,,,,,,,,,,,,,44.0
AS14.07,2014-04-02,5.5,-1.25,0.0,,,,,,,,,,,,,,,,,45.0
AS14.07,2014-04-03,6.2,-0.4,0.0,,,,,,,,,,,,,,,,,46.0
AS14.07,2014-04-04,6.5,-0.75,363.42900000000003,,,,,,,,,,,,,,,,,47.0
AS14.07,2014-04-05,6.0,0.0,0.0,,,,,,,,,,,,,,,,,48.0
AS14.07,2014-04-06,6.75,-0.75,1.002,,,,,,,,,,,,,,,,,49.0
AS14.07,2014-04-07,5.4,-0.6,0.0,,,,,,,,,,,,,,,,,50.0
AS14.07,2014-04-08,6.8,-0.4,0.0,,,,,,,,,,,,,,,,,51.0
AS14.07,2014-04-09,6.4,-1.0,6.037999999999999,,,,,,,,,,,,,,,,,52.0
AS14.07,2014-04-10,6.2,0.4,0.0,,,,,,,,,,,,,,,,,53.0
AS14.07,2014-04-11,3.5,0.5,0.0,,,,,,,,,,,,,,,,,54.0
AS14.07,2014-04-12,6.4,0.0,0.0,,,,,,,,,,,,,,,,,55.0
AS14.07,2014-04-13,6.5,-0.25,0.0,,,,,,,,,,,,,,,,,56.0
AS14.07,2014-04-14,6.2,-0.2,0.0,,,,,,,,,,,,,,,,,57.0
AS14.07,2014-04-15,6.0,-0.75,0.0,,,,,,,,,,,,,,,,,58.0
AS14.07,2014-04-16,4.75,-1.25,0.0,,,,,,,,,,,,,,,,,59.0
AS14.07,2014-04-17,3.8,-1.2,0.0,,,,,,,,,,,,,,,,,60.0
AS14.07,2014-04-18,5.2,-1.0,0.0,,,,,,,,,,,,,,,,,61.0
AS14.07,2014-04-19,7.0,0.25,0.0,,,,,,,,,,,,,,,,,62.0
AS14.07,2014-04-20,3.0,-2.0,0.0,,,,,,,,,,,,,,,,,63.0
AS14.07,2014-04-21,6.6,-0.4,0.0,,,,,,,,,,,,,,,,,64.0
AS14.07,2014-04-22,6.0,-0.2,0.0,,,,,,,,,,,,,,,,,65.0
AS14.07,2014-04-23,6.0,-0.6666666666666666,0.0,,,,,,,,,,,,,,,,,66.0
AS14.07,2014-04-24,5.6,-0.6,1.003,,,,,,,,,,,,,,,,,67.0
AS14.07,2014-04-25,3.3333333333333335,0.3333333333333333,0.0,,,,,,,,,,,,,,,,,68.0
AS14.07,2014-04-26,5.4,-0.4,0.0,,,,,,,,,,,,,,,,,69.0
AS14.07,2014-04-27,6.0,-0.6,0.0,,,,,,,,,,,,,,,,,70.0
AS14.07,2014-04-28,6.75,0.25,7.209999999999999,,,,,,,,,,,,,,,,,71.0
AS14.07,2014-04-29,5.0,-2.0,184.86200000000002,,,,,,,,,,,,,,,,,72.0
AS14.07,2014-04-30,5.0,-2.0,206.91199999999998,,,,,,,,,,,,,,,,,73.0
AS14.07,2014-05-01,5.0,-1.6666666666666667,98.51500000000001,,,,,,,,,,,,,,,,,74.0
AS14.07,2014-05-02,6.2,-0.6,112.095,,,,,,,,,,,,,,,,,75.0
AS14.07,2014-05-03,5.666666666666667,-0.6666666666666666,871.9999999999999,,,,,,,,,,,,,,,,,76.0
AS14.07,2014-05-04,8.0,-1.0,251.575,,,,,,,,,,,,,,,,,77.0
AS14.07,2014-05-05,5.5,-1.5,0.5,,,,,,,,,,,,,,,,,78.0
AS14.08,2014-03-05,6.333333333333333,0.0,0.0,,,,,,,,,,,,,,,,,17.0
AS14.08,2014-03-06,7.2,-0.6,13.0,,,,,,,,,,,,,,,,,18.0
AS14.08,2014-03-07,7.4,0.6,3.0,,,,,,,,,,,,,,,,,19.0
AS14.08,2014-03-08,7.0,0.0,0.0,,,,,,,,,,,,,,,,,20.0
AS14.08,2014-03-09,7.2,-1.0,0.0,,,,,,,,,,,,,,,,,21.0
AS14.08,2014-03-10,6.8,-1.0,4.0,,,,,,,,,,,,,,,,,22.0
AS14.08,2014-03-11,6.6,0.4,3.0,,,,,,,,,,,,,,,,,23.0
AS14.08,2014-03-12,7.0,0.6,0.0,,,,,,,,,,,,,,,,,24.0
AS14.08,2014-03-13,6.6,0.0,13.062000000000001,,,,,,,,,,,,,,,,,25.0
AS14.08,2014-03-14,7.4,-0.2,20.109,,,,,,,,,,,,,,,,,26.0
AS14.08,2014-03-15,6.4,-0.6,0.0,,,,,,,,,,,,,,,,,27.0
AS14.08,2014-03-16,7.0,-1.25,11.119000000000002,,,,,,,,,,,,,,,,,28.0
AS14.08,2014-03-17,5.4,0.0,0.0,,,,,,,,,,,,,,,,,29.0
AS14.08,2014-03-18,6.4,-0.2,0.0,,,,,,,,,,,,,,,,,30.0
AS14.08,2014-03-19,7.0,-0.2,18.195999999999998,,,,,,,,,,,,,,,,,31.0
AS14.08,2014-03-20,6.4,-0.2,0.0,,,,,,,,,,,,,,,,,32.0
AS14.08,2014-03-21,6.6,-0.4,48.315999999999995,,,,,,,,,,,,,,,,,33.0
AS14.08,2014-03-22,6.4,-0.4,16.075,,,,,,,,,,,,,,,,,34.0
AS14.08,2014-03-23,7.2,-0.2,82.451,,,,,,,,,,,,,,,,,35.0
AS14.08,2014-03-24,6.8,-0.8,11.062999999999999,,,,,,,,,,,,,,,,,36.0
AS14.08,2014-03-25,7.2,-0.6,0.0,,,,,,,,,,,,,,,,,37.0
AS14.08,2014-03-26,6.5,-0.25,11.029000000000002,,,,,,,,,,,,,,,,,38.0
AS14.08,2014-03-27,6.333333333333333,0.0,24.05,,,,,,,,,,,,,,,,,39.0
AS14.08,2014-03-28,6.25,-0.25,0.0,,,,,,,,,,,,,,,,,40.0
AS14.08,2014-03-29,7.166666666666667,-0.16666666666666666,0.0,,,,,,,,,,,,,,,,,41.0
AS14.08,2014-03-30,6.8,0.0,0.0,,,,,,,,,,,,,,,,,42.0
AS14.08,2014-03-31,7.6,0.0,14.035,,,,,,,,,,,,,,,,,43.0
AS14.08,2014-04-01,7.2,-1.0,3.005,,,,,,,,,,,,,,,,,44.0
AS14.08,2014-04-02,6.6,-0.4,20.146,,,,,,,,,,,,,,,,,45.0
AS14.08,2014-04-03,7.0,0.0,50.577,,,,,,,,,,,,,,,,,46.0
AS14.08,2014-04-04,7.5,0.25,9.065,,,,,,,,,,,,,,,,,47.0
AS14.08,2014-04-05,7.4,0.2,17.057,,,,,,,,,,,,,,,,,48.0
AS14.08,2014-04-06,7.6,0.0,11.055,,,,,,,,,,,,,,,,,49.0
AS14.08,2014-04-07,7.0,0.0,0.0,,,,,,,,,,,,,,,,,50.0
AS14.08,2014-04-08,6.5,-0.25,31.197,,,,,,,,,,,,,,,,,51.0
AS14.08,2014-04-09,6.25,0.25,6.016,,,,,,,,,,,,,,,,,52.0
AS14.08,2014-04-10,7.6,1.2,47.583,,,,,,,,,,,,,,,,,53.0
AS14.08,2014-04-11,7.6,0.6,3.01,,,,,,,,,,,,,,,,,54.0
AS14.08,2014-04-12,7.0,0.0,0.0,,,,,,,,,,,,,,,,,55.0
AS14.08,2014-04-13,7.6,0.0,5.043,,,,,,,,,,,,,,,,,56.0
AS14.08,2014-04-14,6.6,0.2,31.393,,,,,,,,,,,,,,,,,57.0
AS14.08,2014-04-15,6.4,-0.8,0.0,,,,,,,,,,,,,,,,,58.0
AS14.08,2014-04-16,6.6,-0.6,33.39,,,,,,,,,,,,,,,,,59.0
AS14.08,2014-04-17,6.2,-1.0,3.0380000000000003,,,,,,,,,,,,,,,,,60.0
AS14.08,2014-04-18,6.0,-0.4,0.0,,,,,,,,,,,,,,,,,61.0
AS14.08,2014-04-19,7.8,1.4,7.023,,,,,,,,,,,,,,,,,62.0
AS14.08,2014-04-20,6.4,-1.2,15.074000000000002,,,,,,,,,,,,,,,,,63.0
AS14.08,2014-04-21,6.4,-1.0,6.026,,,,,,,,,,,,,,,,,64.0
AS14.08,2014-04-22,6.0,-0.6,0.0,,,,,,,,,,,,,,,,,65.0
AS14.08,2014-04-23,5.6,0.0,0.0,,,,,,,,,,,,,,,,,66.0
AS14.08,2014-04-24,6.666666666666667,0.3333333333333333,0.0,,,,,,,,,,,,,,,,,67.0
AS14.08,2014-04-25,6.333333333333333,0.0,0.0,,,,,,,,,,,,,,,,,68.0
AS14.08,2014-04-26,6.0,-0.5,0.0,,,,,,,,,,,,,,,,,69.0
AS14.08,2014-04-27,6.0,-0.8333333333333334,0.0,,,,,,,,,,,,,,,,,70.0
AS14.08,2014-04-28,5.8,-0.8,0.0,,,,,,,,,,,,,,,,,71.0
AS14.08,2014-04-29,5.75,-0.25,0.0,,,,,,,,,,,,,,,,,72.0
AS14.08,2014-04-30,6.666666666666667,-0.5,0.0,,,,,,,,,,,,,,,,,73.0
AS14.08,2014-05-01,7.0,0.4,202.552,,,,,,,,,,,,,,,,,74.0
AS14.08,2014-05-02,7.2,-0.4,3.1719999999999997,,,,,,,,,,,,,,,,,75.0
AS14.08,2014-05-03,7.4,0.4,44.214000000000006,,,,,,,,,,,,,,,,,76.0
AS14.08,2014-05-04,6.8,-0.2,311.757,,,,,,,,,,,,,,,,,77.0
AS14.08,2014-05-05,6.666666666666667,-1.0,204.48199999999997,,,,,,,,,,,,,,,,,78.0
AS14.09,2014-03-21,7.0,0.0,2.02,,,,,,,,,,,,,,,,,33.0
AS14.09,2014-03-22,7.0,0.0,3.02,,,,,,,,,,,,,,,,,34.0
AS14.09,2014-03-23,6.75,0.75,0.0,,,,,,,,,,,,,,,,,35.0
AS14.09,2014-03-24,7.25,0.5,0.0,,,,,,,,,,,,,,,,,36.0
AS14.09,2014-03-25,6.2,0.4,17.433,,,,,,,,,,,,,,,,,37.0
AS14.09,2014-03-26,7.75,0.5,0.0,,,,,,,,,,,,,,,,,38.0
AS14.09,2014-03-27,7.8,-0.4,14.395999999999999,,,,,,,,,,,,,,,,,39.0
AS14.09,2014-03-28,8.25,-0.25,0.0,,,,,,,,,,,,,,,,,40.0
AS14.09,2014-03-29,8.0,-0.4,0.0,,,,,,,,,,,,,,,,,41.0
AS14.09,2014-03-30,7.75,-1.0,50.67,,,,,,,,,,,,,,,,,42.0
AS14.09,2014-03-31,7.0,-0.2,0.0,,,,,,,,,,,,,,,,,43.0
AS14.09,2014-04-01,7.6,0.0,0.0,,,,,,,,,,,,,,,,,44.0
AS14.09,2014-04-02,6.2,0.2,32.864000000000004,,,,,,,,,,,,,,,,,45.0
AS14.09,2014-04-03,7.6,0.0,0.0,,,,,,,,,,,,,,,,,46.0
AS14.09,2014-04-04,7.25,-0.75,0.0,,,,,,,,,,,,,,,,,47.0
AS14.09,2014-04-05,7.5,0.0,0.0,,,,,,,,,,,,,,,,,48.0
AS14.09,2014-04-06,6.8,-0.4,24.224,,,,,,,,,,,,,,,,,49.0
AS14.09,2014-04-07,6.2,-0.5,90.352,,,,,,,,,,,,,,,,,50.0
AS14.09,2014-04-08,7.2,0.0,0.0,,,,,,,,,,,,,,,,,51.0
AS14.09,2014-04-09,6.5,0.25,0.0,,,,,,,,,,,,,,,,,52.0
AS14.09,2014-04-10,6.0,0.75,0.0,,,,,,,,,,,,,,,,,53.0
AS14.09,2014-04-11,6.8,0.0,0.0,,,,,,,,,,,,,,,,,54.0
AS14.09,2014-04-12,7.0,0.0,0.0,,,,,,,,,,,,,,,,,55.0
AS14.09,2014-04-13,6.0,-0.8,0.0,,,,,,,,,,,,,,,,,56.0
AS14.09,2014-04-14,5.8,-0.2,0.0,,,,,,,,,,,,,,,,,57.0
AS14.09,2014-04-15,6.0,0.0,0.0,,,,,,,,,,,,,,,,,58.0
AS14.09,2014-04-16,5.5,-0.5,0.0,,,,,,,,,,,,,,,,,59.0
AS14.09,2014-04-17,7.0,0.0,0.0,,,,,,,,,,,,,,,,,60.0
AS14.09,2014-04-18,6.6,-1.2,0.0,,,,,,,,,,,,,,,,,61.0
AS14.09,2014-04-19,8.0,0.25,0.0,,,,,,,,,,,,,,,,,62.0
AS14.09,2014-04-20,6.25,0.0,0.0,,,,,,,,,,,,,,,,,63.0
AS14.09,2014-04-21,6.5,-1.0,0.0,,,,,,,,,,,,,,,,,64.0
AS14.09,2014-04-22,6.6,-0.2,0.0,,,,,,,,,,,,,,,,,65.0
AS14.09,2014-04-23,6.333333333333333,-0.3333333333333333,0.0,,,,,,,,,,,,,,,,,66.0
AS14.09,2014-04-24,7.2,0.2,5.032,,,,,,,,,,,,,,,,,67.0
AS14.09,2014-04-25,7.25,0.25,14.065999999999999,,,,,,,,,,,,,,,,,68.0
AS14.09,2014-04-26,8.0,0.0,25.462,,,,,,,,,,,,,,,,,69.0
AS14.09,2014-04-27,6.25,-1.0,0.25,,,,,,,,,,,,,,,,,70.0
AS14.09,2014-04-28,6.6,0.0,0.6,,,,,,,,,,,,,,,,,71.0
AS14.09,2014-04-29,6.75,-0.5,0.5,,,,,,,,,,,,,,,,,72.0
AS14.09,2014-04-30,7.0,-0.5,0.75,,,,,,,,,,,,,,,,,73.0
AS14.09,2014-05-01,7.5,-0.25,0.75,,,,,,,,,,,,,,,,,74.0
AS14.09,2014-05-02,7.6,0.0,0.8,,,,,,,,,,,,,,,,,75.0
AS14.09,2014-05-03,7.75,0.25,0.75,,,,,,,,,,,,,,,,,76.0
AS14.09,2014-05-04,6.6,0.2,0.4,,,,,,,,,,,,,,,,,77.0
AS14.09,2014-05-05,6.0,-1.0,0.5,,,,,,,,,,,,,,,,,78.0
AS14.12,2014-03-15,5.5,0.0,3.0,,,,,,,,,,,,,,,,,27.0
AS14.12,2014-03-27,7.0,-0.5,5.052,,,,,,,,,,,,,,,,,39.0
AS14.12,2014-03-28,6.75,0.0,14.169,,,,,,,,,,,,,,,,,40.0
AS14.12,2014-03-29,6.75,1.0,8.120000000000001,,,,,,,,,,,,,,,,,41.0
AS14.12,2014-03-30,5.8,-0.2,15.116999999999997,,,,,,,,,,,,,,,,,42.0
AS14.12,2014-03-31,6.4,0.4,0.0,,,,,,,,,,,,,,,,,43.0
AS14.12,2014-04-01,6.4,0.4,0.0,,,,,,,,,,,,,,,,,44.0
AS14.12,2014-04-02,6.0,-0.4,0.0,,,,,,,,,,,,,,,,,45.0
AS14.12,2014-04-03,5.4,0.4,0.0,,,,,,,,,,,,,,,,,46.0
AS14.12,2014-04-04,6.5,0.75,0.0,,,,,,,,,,,,,,,,,47.0
AS14.12,2014-04-05,6.2,0.0,0.0,,,,,,,,,,,,,,,,,48.0
AS14.12,2014-04-06,6.25,0.25,0.0,,,,,,,,,,,,,,,,,49.0
AS14.12,2014-04-07,6.4,0.2,42.898,,,,,,,,,,,,,,,,,50.0
AS14.12,2014-04-08,6.25,0.0,0.0,,,,,,,,,,,,,,,,,51.0
AS14.12,2014-04-09,5.25,0.0,17.396,,,,,,,,,,,,,,,,,52.0
AS14.12,2014-04-10,6.4,0.2,0.0,,,,,,,,,,,,,,,,,53.0
AS14.12,2014-04-11,6.6,-0.5,0.0,,,,,,,,,,,,,,,,,54.0
AS14.12,2014-04-12,6.8,0.0,12.068,,,,,,,,,,,,,,,,,55.0
AS14.12,2014-04-13,5.6,0.6,5.019,,,,,,,,,,,,,,,,,56.0
AS14.12,2014-04-14,6.6,-0.4,10.109,,,,,,,,,,,,,,,,,57.0
AS14.12,2014-04-15,6.8,0.2,5.127999999999999,,,,,,,,,,,,,,,,,58.0
AS14.12,2014-04-16,7.0,0.0,0.0,,,,,,,,,,,,,,,,,59.0
AS14.12,2014-04-17,6.8,-0.6,5.022,,,,,,,,,,,,,,,,,60.0
AS14.12,2014-04-18,6.6,-0.6,4.026,,,,,,,,,,,,,,,,,61.0
AS14.12,2014-04-19,5.8,0.4,0.0,,,,,,,,,,,,,,,,,62.0
AS14.12,2014-04-20,6.4,0.4,7.142,,,,,,,,,,,,,,,,,63.0
AS14.12,2014-04-21,6.0,-0.25,3.0380000000000003,,,,,,,,,,,,,,,,,64.0
AS14.12,2014-04-22,6.5,0.25,4.156000000000001,,,,,,,,,,,,,,,,,65.0
AS14.12,2014-04-23,5.8,0.0,0.0,,,,,,,,,,,,,,,,,66.0
AS14.12,2014-04-24,6.6,-0.6,0.0,,,,,,,,,,,,,,,,,67.0
AS14.12,2014-04-25,5.6,0.2,44.409,,,,,,,,,,,,,,,,,68.0
AS14.12,2014-04-26,7.0,0.25,22.066,,,,,,,,,,,,,,,,,69.0
AS14.12,2014-04-27,6.0,0.0,86.67200000000001,,,,,,,,,,,,,,,,,70.0
AS14.12,2014-04-28,6.6,-0.6,0.0,,,,,,,,,,,,,,,,,71.0
AS14.12,2014-04-29,6.0,-0.4,0.0,,,,,,,,,,,,,,,,,72.0
AS14.12,2014-04-30,6.25,-0.25,4.11,,,,,,,,,,,,,,,,,73.0
AS14.12,2014-05-01,6.2,-0.2,5.048000000000001,,,,,,,,,,,,,,,,,74.0
AS14.12,2014-05-02,5.5,0.0,4.063,,,,,,,,,,,,,,,,,75.0
AS14.12,2014-05-03,5.6,-0.4,22.674,,,,,,,,,,,,,,,,,76.0
AS14.12,2014-05-04,4.8,-0.8,4638.61,,,,,,,,,,,,,,,,,77.0
AS14.12,2014-05-05,6.0,0.0,517.579,,,,,,,,,,,,,,,,,78.0
AS14.13,2014-03-13,7.0,-2.0,174.092,,,,,,,,,,,,,,,,,25.0
AS14.13,2014-03-14,7.8,0.2,2862.415,,,,,,,,,,,,,,,,,26.0
AS14.13,2014-03-15,7.0,0.2,0.0,,,,,,,,,,,,,,,,,27.0
AS14.13,2014-03-16,6.4,-1.0,141.978,,,,,,,,,,,,,,,,,28.0
AS14.13,2014-03-17,6.6,0.0,12.518,,,,,,,,,,,,,,,,,29.0
AS14.13,2014-03-18,7.0,-0.2,0.0,,,,,,,,,,,,,,,,,30.0
AS14.13,2014-03-19,7.8,-0.2,0.0,,,,,,,,,,,,,,,,,31.0
AS14.13,2014-03-20,6.4,0.8,0.0,,,,,,,,,,,,,,,,,32.0
AS14.13,2014-03-21,6.4,0.6,0.0,,,,,,,,,,,,,,,,,33.0
AS14.13,2014-03-22,8.4,1.4,0.0,,,,,,,,,,,,,,,,,34.0
AS14.13,2014-03-23,7.4,1.6,0.0,,,,,,,,,,,,,,,,,35.0
AS14.13,2014-03-24,8.8,1.0,0.0,,,,,,,,,,,,,,,,,36.0
AS14.13,2014-03-25,7.6,1.2,25.496,,,,,,,,,,,,,,,,,37.0
AS14.13,2014-03-26,8.4,-1.0,0.0,,,,,,,,,,,,,,,,,38.0
AS14.13,2014-03-27,7.4,-1.2,0.0,,,,,,,,,,,,,,,,,39.0
AS14.13,2014-03-28,7.6,-1.0,0.0,,,,,,,,,,,,,,,,,40.0
AS14.13,2014-03-29,7.2,-1.8,43.997,,,,,,,,,,,,,,,,,41.0
AS14.13,2014-03-30,6.2,-0.6,0.0,,,,,,,,,,,,,,,,,42.0
AS14.13,2014-03-31,7.0,-1.2,0.0,,,,,,,,,,,,,,,,,43.0
AS14.13,2014-04-01,7.5,-1.5,0.0,,,,,,,,,,,,,,,,,44.0
AS14.13,2014-04-02,7.4,-1.2,0.0,,,,,,,,,,,,,,,,,45.0
AS14.13,2014-04-03,7.6,-0.8,0.0,,,,,,,,,,,,,,,,,46.0
AS14.13,2014-04-04,7.8,-0.6,0.0,,,,,,,,,,,,,,,,,47.0
AS14.13,2014-04-05,6.8,0.2,0.0,,,,,,,,,,,,,,,,,48.0
AS14.13,2014-04-06,6.25,0.25,0.0,,,,,,,,,,,,,,,,,49.0
AS14.13,2014-04-07,7.4,-0.4,0.0,,,,,,,,,,,,,,,,,50.0
AS14.13,2014-04-08,8.2,0.8,24.576,,,,,,,,,,,,,,,,,51.0
AS14.13,2014-04-09,7.8,-0.2,316.434,,,,,,,,,,,,,,,,,52.0
AS14.13,2014-04-10,7.6,0.6,0.0,,,,,,,,,,,,,,,,,53.0
AS14.13,2014-04-11,6.8,0.6,0.0,,,,,,,,,,,,,,,,,54.0
AS14.13,2014-04-12,6.8,0.6,0.0,,,,,,,,,,,,,,,,,55.0
AS14.13,2014-04-13,6.6,0.2,0.0,,,,,,,,,,,,,,,,,56.0
AS14.13,2014-04-14,6.8,-0.6,0.0,,,,,,,,,,,,,,,,,57.0
AS14.13,2014-04-15,6.0,-0.8,0.0,,,,,,,,,,,,,,,,,58.0
AS14.13,2014-04-16,6.0,-0.25,0.0,,,,,,,,,,,,,,,,,59.0
AS14.13,2014-04-17,6.4,-1.2,0.0,,,,,,,,,,,,,,,,,60.0
AS14.13,2014-04-18,3.5,-1.0,0.0,,,,,,,,,,,,,,,,,61.0
AS14.13,2014-04-19,7.2,-0.6,0.0,,,,,,,,,,,,,,,,,62.0
AS14.13,2014-04-20,6.6,-1.6,0.0,,,,,,,,,,,,,,,,,63.0
AS14.13,2014-04-21,7.4,-1.4,0.0,,,,,,,,,,,,,,,,,64.0
AS14.13,2014-04-22,5.75,-1.25,0.0,,,,,,,,,,,,,,,,,65.0
AS14.13,2014-04-23,7.4,-0.8,0.0,,,,,,,,,,,,,,,,,66.0
AS14.13,2014-04-24,7.666666666666667,1.0,0.0,,,,,,,,,,,,,,,,,67.0
AS14.13,2014-04-25,7.75,-0.25,0.0,,,,,,,,,,,,,,,,,68.0
AS14.13,2014-04-26,8.8,-1.8,0.0,,,,,,,,,,,,,,,,,69.0
AS14.13,2014-04-27,8.0,-0.5,69.928,,,,,,,,,,,,,,,,,70.0
AS14.13,2014-04-28,8.166666666666666,-1.6666666666666667,0.0,,,,,,,,,,,,,,,,,71.0
AS14.13,2014-04-29,8.5,-1.25,0.0,,,,,,,,,,,,,,,,,72.0
AS14.13,2014-04-30,7.833333333333333,-1.1666666666666667,0.0,,,,,,,,,,,,,,,,,73.0
AS14.13,2014-05-01,8.333333333333334,-1.0,142.69000000000003,,,,,,,,,,,,,,,,,74.0
AS14.13,2014-05-02,8.0,-1.4,243.95600000000002,,,,,,,,,,,,,,,,,75.0
AS14.13,2014-05-03,7.25,-0.75,69.036,,,,,,,,,,,,,,,,,76.0
AS14.13,2014-05-04,8.0,-1.0,1.0,,,,,,,,,,,,,,,,,77.0
AS14.14,2014-03-20,7.0,0.3333333333333333,0.0,,,,,,,,,,,,,,,,,32.0
AS14.14,2014-03-21,6.4,-0.6,63.638000000000005,,,,,,,,,,,,,,,,,33.0
AS14.14,2014-03-22,5.8,-0.6,12.133,,,,,,,,,,,,,,,,,34.0
AS14.14,2014-03-23,6.0,-0.6,0.0,,,,,,,,,,,,,,,,,35.0
AS14.14,2014-03-24,6.5,-1.0,210.029,,,,,,,,,,,,,,,,,36.0
AS14.14,2014-03-25,5.75,-0.25,1469.5229999999997,,,,,,,,,,,,,,,,,37.0
AS14.14,2014-03-26,7.0,-0.2,104.189,,,,,,,,,,,,,,,,,38.0
AS14.14,2014-03-27,6.6,-1.0,1.008,,,,,,,,,,,,,,,,,39.0
AS14.14,2014-03-28,6.2,-0.4,13.838000000000001,,,,,,,,,,,,,,,,,40.0
AS14.14,2014-03-29,8.0,-0.25,0.0,,,,,,,,,,,,,,,,,41.0
AS14.14,2014-03-30,6.5,-1.0,0.0,,,,,,,,,,,,,,,,,42.0
AS14.14,2014-03-31,6.75,-0.25,0.0,,,,,,,,,,,,,,,,,43.0
AS14.14,2014-04-01,6.2,0.0,0.0,,,,,,,,,,,,,,,,,44.0
AS14.14,2014-04-02,7.0,-1.0,0.0,,,,,,,,,,,,,,,,,45.0
AS14.14,2014-04-03,7.333333333333333,-0.5,0.0,,,,,,,,,,,,,,,,,46.0
AS14.14,2014-04-04,7.5,-1.0,0.0,,,,,,,,,,,,,,,,,47.0
AS14.14,2014-04-05,7.4,-1.6,0.0,,,,,,,,,,,,,,,,,48.0
AS14.14,2014-04-06,7.4,-1.0,0.0,,,,,,,,,,,,,,,,,49.0
AS14.14,2014-04-07,7.0,-0.2,0.0,,,,,,,,,,,,,,,,,50.0
AS14.14,2014-04-08,6.8,-0.2,0.0,,,,,,,,,,,,,,,,,51.0
AS14.14,2014-04-09,8.0,0.3333333333333333,0.0,,,,,,,,,,,,,,,,,52.0
AS14.14,2014-04-10,6.666666666666667,-0.3333333333333333,0.0,,,,,,,,,,,,,,,,,53.0
AS14.14,2014-04-11,7.75,1.0,0.0,,,,,,,,,,,,,,,,,54.0
AS14.14,2014-04-12,7.5,0.0,0.0,,,,,,,,,,,,,,,,,55.0
AS14.14,2014-04-13,,,0.0,,,,,,,,,,,,,,,,,56.0
AS14.14,2014-04-14,7.5,0.0,0.0,,,,,,,,,,,,,,,,,57.0
AS14.14,2014-04-15,6.0,-1.0,0.0,,,,,,,,,,,,,,,,,58.0
AS14.14,2014-04-16,6.0,0.5,0.0,,,,,,,,,,,,,,,,,59.0
AS14.14,2014-04-17,6.2,0.0,0.0,,,,,,,,,,,,,,,,,60.0
AS14.14,2014-04-18,6.5,-1.0,0.0,,,,,,,,,,,,,,,,,61.0
AS14.14,2014-04-19,6.75,0.25,0.0,,,,,,,,,,,,,,,,,62.0
AS14.14,2014-04-20,7.5,-1.0,0.0,,,,,,,,,,,,,,,,,63.0
AS14.14,2014-04-21,7.0,0.25,0.0,,,,,,,,,,,,,,,,,64.0
AS14.14,2014-04-22,7.0,-0.4,0.0,,,,,,,,,,,,,,,,,65.0
AS14.14,2014-04-23,7.0,-1.0,47.435,,,,,,,,,,,,,,,,,66.0
AS14.14,2014-04-24,7.333333333333333,0.3333333333333333,94.26599999999999,,,,,,,,,,,,,,,,,67.0
AS14.14,2014-04-25,8.0,0.8,0.0,,,,,,,,,,,,,,,,,68.0
AS14.14,2014-04-26,8.0,-1.0,0.0,,,,,,,,,,,,,,,,,69.0
AS14.14,2014-04-27,7.666666666666667,0.0,0.0,,,,,,,,,,,,,,,,,70.0
AS14.14,2014-04-28,,,0.0,,,,,,,,,,,,,,,,,71.0
AS14.14,2014-04-29,,,0.0,,,,,,,,,,,,,,,,,72.0
AS14.14,2014-04-30,7.0,1.0,0.0,,,,,,,,,,,,,,,,,73.0
AS14.14,2014-05-01,6.0,0.0,179.511,,,,,,,,,,,,,,,,,74.0
AS14.14,2014-05-02,6.666666666666667,0.3333333333333333,0.0,,,,,,,,,,,,,,,,,75.0
AS14.14,2014-05-03,6.8,0.2,21.135,,,,,,,,,,,,,,,,,76.0
AS14.14,2014-05-04,6.8,0.0,31.135,,,,,,,,,,,,,,,,,77.0
AS14.14,2014-05-05,7.0,-1.0,15.126000000000001,,,,,,,,,,,,,,,,,78.0
AS14.15,2014-03-14,6.5,-0.25,172.52700000000002,,,,,,,,,,,,,,,,,26.0
AS14.15,2014-03-15,6.75,0.75,0.0,,,,,,,,,,,,,,,,,27.0
AS14.15,2014-03-16,6.166666666666667,-0.6666666666666666,0.0,,,,,,,,,,,,,,,,,28.0
AS14.15,2014-03-17,6.4,0.0,0.0,,,,,,,,,,,,,,,,,29.0
AS14.15,2014-03-18,7.2,0.4,17.082,,,,,,,,,,,,,,,,,30.0
AS14.15,2014-03-19,7.4,0.2,0.0,,,,,,,,,,,,,,,,,31.0
AS14.15,2014-03-20,7.0,0.6,0.0,,,,,,,,,,,,,,,,,32.0
AS14.15,2014-03-21,7.0,0.2,0.0,,,,,,,,,,,,,,,,,33.0
AS14.15,2014-03-22,7.0,-0.4,0.0,,,,,,,,,,,,,,,,,34.0
AS14.15,2014-03-23,7.0,0.2,0.0,,,,,,,,,,,,,,,,,35.0
AS14.15,2014-03-24,7.0,1.0,0.0,,,,,,,,,,,,,,,,,36.0
AS14.15,2014-03-25,7.0,0.8,0.0,,,,,,,,,,,,,,,,,37.0
AS14.15,2014-03-26,7.2,1.4,0.0,,,,,,,,,,,,,,,,,38.0
AS14.15,2014-03-27,7.0,1.0,0.0,,,,,,,,,,,,,,,,,39.0
AS14.15,2014-03-28,7.2,1.2,48.229,,,,,,,,,,,,,,,,,40.0
AS14.15,2014-03-29,7.0,-1.2,0.0,,,,,,,,,,,,,,,,,41.0
AS14.15,2014-03-30,7.4,-0.8,0.0,,,,,,,,,,,,,,,,,42.0
AS14.15,2014-03-31,7.2,0.2,0.0,,,,,,,,,,,,,,,,,43.0
AS14.15,2014-04-01,7.2,0.6,0.0,,,,,,,,,,,,,,,,,44.0
AS14.15,2014-04-02,7.2,0.8,0.0,,,,,,,,,,,,,,,,,45.0
AS14.15,2014-04-03,7.2,0.6,0.0,,,,,,,,,,,,,,,,,46.0
AS14.15,2014-04-04,7.2,0.6,0.0,,,,,,,,,,,,,,,,,47.0
AS14.15,2014-04-05,7.8,1.0,0.0,,,,,,,,,,,,,,,,,48.0
AS14.15,2014-04-06,6.2,-0.2,0.0,,,,,,,,,,,,,,,,,49.0
AS14.15,2014-04-07,6.8,0.4,0.0,,,,,,,,,,,,,,,,,50.0
AS14.15,2014-04-08,6.8,0.2,0.0,,,,,,,,,,,,,,,,,51.0
AS14.15,2014-04-09,7.0,0.0,0.0,,,,,,,,,,,,,,,,,52.0
AS14.15,2014-04-10,7.2,0.4,0.0,,,,,,,,,,,,,,,,,53.0
AS14.15,2014-04-11,7.0,0.4,0.0,,,,,,,,,,,,,,,,,54.0
AS14.15,2014-04-12,7.4,1.0,0.0,,,,,,,,,,,,,,,,,55.0
AS14.15,2014-04-13,7.0,2.0,0.0,,,,,,,,,,,,,,,,,56.0
AS14.15,2014-04-14,7.0,1.0,194.88,,,,,,,,,,,,,,,,,57.0
AS14.15,2014-04-15,7.0,-0.2,0.0,,,,,,,,,,,,,,,,,58.0
AS14.15,2014-04-16,7.0,0.2,23.129,,,,,,,,,,,,,,,,,59.0
AS14.15,2014-04-17,6.4,0.0,0.0,,,,,,,,,,,,,,,,,60.0
AS14.15,2014-04-18,6.0,-0.4,103.633,,,,,,,,,,,,,,,,,61.0
AS14.15,2014-04-19,7.0,-0.2,0.0,,,,,,,,,,,,,,,,,62.0
AS14.15,2014-04-20,7.0,0.0,0.0,,,,,,,,,,,,,,,,,63.0
AS14.15,2014-04-21,7.2,-0.2,0.0,,,,,,,,,,,,,,,,,64.0
AS14.15,2014-04-22,7.0,0.0,0.0,,,,,,,,,,,,,,,,,65.0
AS14.15,2014-04-23,7.0,1.0,0.0,,,,,,,,,,,,,,,,,66.0
AS14.15,2014-04-24,7.0,1.8,0.0,,,,,,,,,,,,,,,,,67.0
AS14.15,2014-04-25,7.0,1.0,0.0,,,,,,,,,,,,,,,,,68.0
AS14.15,2014-04-26,6.2,-0.2,0.0,,,,,,,,,,,,,,,,,69.0
AS14.15,2014-04-27,7.0,0.75,0.0,,,,,,,,,,,,,,,,,70.0
AS14.15,2014-04-28,7.0,1.0,0.0,,,,,,,,,,,,,,,,,71.0
AS14.15,2014-04-29,7.0,1.0,0.0,,,,,,,,,,,,,,,,,72.0
AS14.15,2014-04-30,6.0,1.4,0.0,,,,,,,,,,,,,,,,,73.0
AS14.15,2014-05-01,6.6,-0.2,0.0,,,,,,,,,,,,,,,,,74.0
AS14.15,2014-05-02,7.0,0.2,0.0,,,,,,,,,,,,,,,,,75.0
AS14.15,2014-05-03,6.8,0.2,0.0,,,,,,,,,,,,,,,,,76.0
AS14.15,2014-05-04,7.0,-0.2,0.0,,,,,,,,,,,,,,,,,77.0
AS14.15,2014-05-05,7.0,1.0,0.0,,,,,,,,,,,,,,,,,78.0
AS14.15,2014-05-06,,,23.103,,,,,,,,,,,,,,,,,79.0
AS14.15,2014-05-07,7.0,0.0,0.0,,,,,,,,,,,,,,,,,80.0
AS14.15,2014-05-08,7.0,0.5,1.0,,,,,,,,,,,,,,,,,81.0
AS14.16,2014-03-13,8.0,-0.5,184.405,,,,,,,,,,,,,,,,,25.0
AS14.16,2014-03-14,7.4,-0.4,29.064,,,,,,,,,,,,,,,,,26.0
AS14.16,2014-03-15,6.4,0.4,103.398,,,,,,,,,,,,,,,,,27.0
AS14.16,2014-03-16,6.6,-0.8,0.0,,,,,,,,,,,,,,,,,28.0
AS14.16,2014-03-17,7.2,-0.6,216.303,,,,,,,,,,,,,,,,,29.0
AS14.16,2014-03-18,6.6,0.4,0.0,,,,,,,,,,,,,,,,,30.0
AS14.16,2014-03-19,6.4,0.0,0.0,,,,,,,,,,,,,,,,,31.0
AS14.16,2014-03-20,5.666666666666667,0.6666666666666666,69.902,,,,,,,,,,,,,,,,,32.0
AS14.16,2014-03-21,6.8,1.0,125.19999999999999,,,,,,,,,,,,,,,,,33.0
AS14.16,2014-03-22,6.5,0.5,15.412,,,,,,,,,,,,,,,,,34.0
AS14.16,2014-03-23,7.0,0.0,191.31399999999996,,,,,,,,,,,,,,,,,35.0
AS14.16,2014-03-24,6.4,0.0,81.67699999999999,,,,,,,,,,,,,,,,,36.0
AS14.16,2014-03-25,6.0,0.6,161.01000000000002,,,,,,,,,,,,,,,,,37.0
AS14.16,2014-03-26,5.6,0.2,221.426,,,,,,,,,,,,,,,,,38.0
AS14.16,2014-03-27,6.0,0.0,0.0,,,,,,,,,,,,,,,,,39.0
AS14.16,2014-03-28,6.5,-0.75,0.0,,,,,,,,,,,,,,,,,40.0
AS14.16,2014-03-29,6.0,-0.5,93.96200000000002,,,,,,,,,,,,,,,,,41.0
AS14.16,2014-03-30,5.4,0.4,0.0,,,,,,,,,,,,,,,,,42.0
AS14.16,2014-03-31,6.0,-0.25,0.0,,,,,,,,,,,,,,,,,43.0
AS14.16,2014-04-01,5.8,-0.4,40.949,,,,,,,,,,,,,,,,,44.0
AS14.16,2014-04-02,6.4,-0.2,0.0,,,,,,,,,,,,,,,,,45.0
AS14.16,2014-04-03,6.25,-0.5,0.0,,,,,,,,,,,,,,,,,46.0
AS14.16,2014-04-04,6.2,-0.2,9.888,,,,,,,,,,,,,,,,,47.0
AS14.16,2014-04-05,7.0,0.0,0.0,,,,,,,,,,,,,,,,,48.0
AS14.16,2014-04-06,6.75,-0.6666666666666666,5.22,,,,,,,,,,,,,,,,,49.0
AS14.16,2014-04-07,7.0,-0.2,0.0,,,,,,,,,,,,,,,,,50.0
AS14.16,2014-04-08,6.4,0.5,0.0,,,,,,,,,,,,,,,,,51.0
AS14.16,2014-04-09,7.2,-0.5,0.0,,,,,,,,,,,,,,,,,52.0
AS14.16,2014-04-10,6.6,0.2,0.0,,,,,,,,,,,,,,,,,53.0
AS14.16,2014-04-11,7.0,1.0,0.0,,,,,,,,,,,,,,,,,54.0
AS14.16,2014-04-12,7.0,1.25,0.0,,,,,,,,,,,,,,,,,55.0
AS14.16,2014-04-13,6.4,0.0,0.0,,,,,,,,,,,,,,,,,56.0
AS14.16,2014-04-14,7.0,0.8,0.0,,,,,,,,,,,,,,,,,57.0
AS14.16,2014-04-15,6.6,0.6,0.0,,,,,,,,,,,,,,,,,58.0
AS14.16,2014-04-16,7.25,1.25,0.0,,,,,,,,,,,,,,,,,59.0
AS14.16,2014-04-17,7.0,-0.6,0.0,,,,,,,,,,,,,,,,,60.0
AS14.16,2014-04-18,6.8,0.0,0.0,,,,,,,,,,,,,,,,,61.0
AS14.16,2014-04-19,7.2,1.6,0.0,,,,,,,,,,,,,,,,,62.0
AS14.16,2014-04-20,7.0,1.3333333333333333,0.0,,,,,,,,,,,,,,,,,63.0
AS14.16,2014-04-21,7.25,1.0,0.0,,,,,,,,,,,,,,,,,64.0
AS14.16,2014-04-22,6.6,0.8,0.0,,,,,,,,,,,,,,,,,65.0
AS14.16,2014-04-23,7.25,0.75,4.01,,,,,,,,,,,,,,,,,66.0
AS14.16,2014-04-24,5.4,-0.2,0.0,,,,,,,,,,,,,,,,,67.0
AS14.16,2014-04-25,7.2,0.6,0.0,,,,,,,,,,,,,,,,,68.0
AS14.16,2014-04-26,6.75,0.5,0.0,,,,,,,,,,,,,,,,,69.0
AS14.16,2014-04-27,7.2,-0.2,0.0,,,,,,,,,,,,,,,,,70.0
AS14.16,2014-04-28,8.0,1.0,0.0,,,,,,,,,,,,,,,,,71.0
AS14.16,2014-04-29,7.0,-0.5,0.0,,,,,,,,,,,,,,,,,72.0
AS14.16,2014-04-30,7.0,0.4,0.0,,,,,,,,,,,,,,,,,73.0
AS14.16,2014-05-01,7.0,0.0,0.0,,,,,,,,,,,,,,,,,74.0
AS14.16,2014-05-02,8.0,2.0,0.0,,,,,,,,,,,,,,,,,75.0
AS14.16,2014-05-03,,,0.0,,,,,,,,,,,,,,,,,76.0
AS14.16,2014-05-04,7.0,0.0,13.048,,,,,,,,,,,,,,,,,77.0
AS14.16,2014-05-05,7.333333333333333,1.5,904.613,,,,,,,,,,,,,,,,,78.0
AS14.17,2014-03-04,7.0,0.5,0.0,,,,,,,,,,,,,,,,,16.0
AS14.17,2014-03-05,8.0,0.6666666666666666,1.0,,,,,,,,,,,,,,,,,17.0
AS14.17,2014-03-06,7.25,0.5,0.0,,,,,,,,,,,,,,,,,18.0
AS14.17,2014-03-07,7.5,0.75,0.0,,,,,,,,,,,,,,,,,19.0
AS14.17,2014-03-08,7.6,0.4,0.0,,,,,,,,,,,,,,,,,20.0
AS14.17,2014-03-09,7.2,0.8,0.0,,,,,,,,,,,,,,,,,21.0
AS14.17,2014-03-10,7.333333333333333,0.6666666666666666,0.0,,,,,,,,,,,,,,,,,22.0
AS14.17,2014-03-11,6.2,0.0,0.0,,,,,,,,,,,,,,,,,23.0
AS14.17,2014-03-12,6.4,0.2,0.0,,,,,,,,,,,,,,,,,24.0
AS14.17,2014-03-13,7.25,0.75,2.0,,,,,,,,,,,,,,,,,25.0
AS14.17,2014-03-14,8.0,1.0,0.0,,,,,,,,,,,,,,,,,26.0
AS14.17,2014-03-21,7.4,0.8,1627.926,,,,,,,,,,,,,,,,,33.0
AS14.17,2014-03-22,7.4,0.4,17.125999999999998,,,,,,,,,,,,,,,,,34.0
AS14.17,2014-03-23,7.4,0.8,0.0,,,,,,,,,,,,,,,,,35.0
AS14.17,2014-03-24,7.0,0.6666666666666666,42.13900000000001,,,,,,,,,,,,,,,,,36.0
AS14.17,2014-03-25,7.5,0.5,9.866,,,,,,,,,,,,,,,,,37.0
AS14.17,2014-03-26,7.2,0.2,85.451,,,,,,,,,,,,,,,,,38.0
AS14.17,2014-03-27,7.2,0.4,0.0,,,,,,,,,,,,,,,,,39.0
AS14.17,2014-03-28,7.2,0.6,0.0,,,,,,,,,,,,,,,,,40.0
AS14.17,2014-03-29,6.8,0.6,0.0,,,,,,,,,,,,,,,,,41.0
AS14.17,2014-03-30,8.0,1.0,0.0,,,,,,,,,,,,,,,,,42.0
AS14.17,2014-03-31,7.25,0.5,105.084,,,,,,,,,,,,,,,,,43.0
AS14.17,2014-04-01,7.4,0.6,9.317,,,,,,,,,,,,,,,,,44.0
AS14.17,2014-04-02,7.5,0.25,71.206,,,,,,,,,,,,,,,,,45.0
AS14.17,2014-04-03,7.2,0.2,20.074,,,,,,,,,,,,,,,,,46.0
AS14.17,2014-04-04,7.0,-0.6,0.0,,,,,,,,,,,,,,,,,47.0
AS14.17,2014-04-05,7.0,0.2,0.0,,,,,,,,,,,,,,,,,48.0
AS14.17,2014-04-06,7.25,0.25,0.0,,,,,,,,,,,,,,,,,49.0
AS14.17,2014-04-07,7.0,1.0,0.0,,,,,,,,,,,,,,,,,50.0
AS14.17,2014-04-08,7.0,0.4,16.049,,,,,,,,,,,,,,,,,51.0
AS14.17,2014-04-09,7.0,0.25,4.031000000000001,,,,,,,,,,,,,,,,,52.0
AS14.17,2014-04-10,6.75,1.0,0.0,,,,,,,,,,,,,,,,,53.0
AS14.17,2014-04-11,7.2,0.4,57.441,,,,,,,,,,,,,,,,,54.0
AS14.17,2014-04-12,7.2,0.4,0.0,,,,,,,,,,,,,,,,,55.0
AS14.17,2014-04-13,7.2,-0.2,20.159000000000002,,,,,,,,,,,,,,,,,56.0
AS14.17,2014-04-14,7.0,0.8,0.0,,,,,,,,,,,,,,,,,57.0
AS14.17,2014-04-15,7.0,0.4,0.0,,,,,,,,,,,,,,,,,58.0
AS14.17,2014-04-16,7.2,0.8,28.097,,,,,,,,,,,,,,,,,59.0
AS14.17,2014-04-17,7.0,0.4,4.649,,,,,,,,,,,,,,,,,60.0
AS14.17,2014-04-18,7.0,1.0,5.019,,,,,,,,,,,,,,,,,61.0
AS14.17,2014-04-19,7.0,1.0,0.0,,,,,,,,,,,,,,,,,62.0
AS14.17,2014-04-20,7.2,0.4,0.0,,,,,,,,,,,,,,,,,63.0
AS14.17,2014-04-21,7.4,0.4,3.01,,,,,,,,,,,,,,,,,64.0
AS14.17,2014-04-22,6.6,0.6,0.0,,,,,,,,,,,,,,,,,65.0
AS14.17,2014-04-23,7.25,1.0,0.0,,,,,,,,,,,,,,,,,66.0
AS14.17,2014-04-24,7.2,1.0,0.0,,,,,,,,,,,,,,,,,67.0
AS14.17,2014-04-25,7.2,0.4,8.035,,,,,,,,,,,,,,,,,68.0
AS14.17,2014-04-26,8.0,1.0,0.0,,,,,,,,,,,,,,,,,69.0
AS14.17,2014-04-27,7.2,1.0,0.0,,,,,,,,,,,,,,,,,70.0
AS14.17,2014-04-28,6.75,0.75,3.0789999999999997,,,,,,,,,,,,,,,,,71.0
AS14.17,2014-04-29,7.0,0.8,0.0,,,,,,,,,,,,,,,,,72.0
AS14.17,2014-04-30,7.0,1.0,34.883,,,,,,,,,,,,,,,,,73.0
AS14.17,2014-05-01,8.0,1.0,15.057,,,,,,,,,,,,,,,,,74.0
AS14.17,2014-05-02,7.0,1.0,0.0,,,,,,,,,,,,,,,,,75.0
AS14.17,2014-05-03,7.25,-1.0,9.029,,,,,,,,,,,,,,,,,76.0
AS14.17,2014-05-04,,,0.0,,,,,,,,,,,,,,,,,77.0
AS14.17,2014-05-05,7.5,1.0,47.956,,,,,,,,,,,,,,,,,78.0
AS14.19,2014-03-21,4.666666666666667,0.6666666666666666,5.037,,,,,,,,,,,,,,,,,33.0
AS14.19,2014-03-22,6.6,-1.4,71.613,,,,,,,,,,,,,,,,,34.0
AS14.19,2014-03-23,7.0,-0.8,67.619,,,,,,,,,,,,,,,,,35.0
AS14.19,2014-03-24,6.0,-0.4,0.0,,,,,,,,,,,,,,,,,36.0
AS14.19,2014-03-25,5.5,-1.25,0.0,,,,,,,,,,,,,,,,,37.0
AS14.19,2014-03-26,6.0,-0.6,2.006,,,,,,,,,,,,,,,,,38.0
AS14.19,2014-03-27,6.6,0.0,66.857,,,,,,,,,,,,,,,,,39.0
AS14.19,2014-03-28,6.6,-0.6,4.047000000000001,,,,,,,,,,,,,,,,,40.0
AS14.19,2014-03-29,7.4,0.2,0.0,,,,,,,,,,,,,,,,,41.0
AS14.19,2014-03-30,7.0,-0.4,0.0,,,,,,,,,,,,,,,,,42.0
AS14.19,2014-03-31,7.2,-0.4,0.0,,,,,,,,,,,,,,,,,43.0
AS14.19,2014-04-01,6.4,0.0,8.822,,,,,,,,,,,,,,,,,44.0
AS14.19,2014-04-02,7.6,-0.2,0.0,,,,,,,,,,,,,,,,,45.0
AS14.19,2014-04-03,6.6,0.0,0.0,,,,,,,,,,,,,,,,,46.0
AS14.19,2014-04-04,7.0,-0.2,0.0,,,,,,,,,,,,,,,,,47.0
AS14.19,2014-04-05,8.0,-0.6,0.0,,,,,,,,,,,,,,,,,48.0
AS14.19,2014-04-06,7.25,-1.25,0.0,,,,,,,,,,,,,,,,,49.0
AS14.19,2014-04-07,6.6,-1.0,0.0,,,,,,,,,,,,,,,,,50.0
AS14.19,2014-04-08,6.8,-0.4,53.342,,,,,,,,,,,,,,,,,51.0
AS14.19,2014-04-09,7.2,-0.4,0.0,,,,,,,,,,,,,,,,,52.0
AS14.19,2014-04-10,6.75,-0.5,0.0,,,,,,,,,,,,,,,,,53.0
AS14.19,2014-04-11,6.8,-0.6,0.0,,,,,,,,,,,,,,,,,54.0
AS14.19,2014-04-12,7.2,0.2,0.0,,,,,,,,,,,,,,,,,55.0
AS14.19,2014-04-13,7.2,-0.6,0.0,,,,,,,,,,,,,,,,,56.0
AS14.19,2014-04-14,7.0,0.4,0.0,,,,,,,,,,,,,,,,,57.0
AS14.19,2014-04-15,6.4,-1.0,0.0,,,,,,,,,,,,,,,,,58.0
AS14.19,2014-04-16,6.8,-0.6,0.0,,,,,,,,,,,,,,,,,59.0
AS14.19,2014-04-17,6.8,-0.8,0.0,,,,,,,,,,,,,,,,,60.0
AS14.19,2014-04-18,6.8,-1.0,0.0,,,,,,,,,,,,,,,,,61.0
AS14.19,2014-04-19,6.8,-0.4,0.0,,,,,,,,,,,,,,,,,62.0
AS14.19,2014-04-20,7.6,0.2,0.0,,,,,,,,,,,,,,,,,63.0
AS14.19,2014-04-21,6.4,-0.2,0.0,,,,,,,,,,,,,,,,,64.0
AS14.19,2014-04-22,6.8,0.6,0.0,,,,,,,,,,,,,,,,,65.0
AS14.19,2014-04-23,6.0,-1.0,0.0,,,,,,,,,,,,,,,,,66.0
AS14.19,2014-04-24,6.6,-0.6,0.0,,,,,,,,,,,,,,,,,67.0
AS14.19,2014-04-25,7.25,-0.75,3.653,,,,,,,,,,,,,,,,,68.0
AS14.19,2014-04-26,7.75,1.0,0.0,,,,,,,,,,,,,,,,,69.0
AS14.19,2014-04-27,6.333333333333333,-1.5,0.0,,,,,,,,,,,,,,,,,70.0
AS14.19,2014-04-28,6.4,0.0,0.0,,,,,,,,,,,,,,,,,71.0
AS14.19,2014-04-29,7.2,0.4,0.0,,,,,,,,,,,,,,,,,72.0
AS14.19,2014-04-30,7.0,0.4,0.0,,,,,,,,,,,,,,,,,73.0
AS14.19,2014-05-01,6.8,-0.2,3.029,,,,,,,,,,,,,,,,,74.0
AS14.19,2014-05-02,7.8,0.4,3.037,,,,,,,,,,,,,,,,,75.0
AS14.19,2014-05-03,7.4,0.4,9.076,,,,,,,,,,,,,,,,,76.0
AS14.19,2014-05-04,6.6,-0.4,478.491,,,,,,,,,,,,,,,,,77.0
AS14.19,2014-05-05,7.0,0.25,6.098,,,,,,,,,,,,,,,,,78.0
AS14.20,2014-03-20,7.0,-1.0,545.854,,,,,,,,,,,,,,,,,32.0
AS14.20,2014-03-21,7.0,0.25,0.0,,,,,,,,,,,,,,,,,33.0
AS14.20,2014-03-22,7.5,1.0,1071.0950000000003,,,,,,,,,,,,,,,,,34.0
AS14.20,2014-03-23,7.6,0.8,22.147,,,,,,,,,,,,,,,,,35.0
AS14.20,2014-03-24,6.8,-0.2,954.654,,,,,,,,,,,,,,,,,36.0
AS14.20,2014-03-25,6.0,-0.75,88.629,,,,,,,,,,,,,,,,,37.0
AS14.20,2014-03-26,6.8,0.4,0.0,,,,,,,,,,,,,,,,,38.0
AS14.20,2014-03-27,7.0,0.25,0.0,,,,,,,,,,,,,,,,,39.0
AS14.20,2014-03-28,6.25,0.5,0.0,,,,,,,,,,,,,,,,,40.0
AS14.20,2014-03-29,7.4,1.0,0.0,,,,,,,,,,,,,,,,,41.0
AS14.20,2014-03-30,7.5,1.0,821.1010000000001,,,,,,,,,,,,,,,,,42.0
AS14.20,2014-03-31,7.0,0.8,0.0,,,,,,,,,,,,,,,,,43.0
AS14.20,2014-04-01,6.25,0.0,0.0,,,,,,,,,,,,,,,,,44.0
AS14.20,2014-04-02,6.5,0.0,0.0,,,,,,,,,,,,,,,,,45.0
AS14.20,2014-04-03,6.666666666666667,0.3333333333333333,0.0,,,,,,,,,,,,,,,,,46.0
AS14.20,2014-04-04,7.0,0.75,0.0,,,,,,,,,,,,,,,,,47.0
AS14.20,2014-04-05,7.0,0.4,0.0,,,,,,,,,,,,,,,,,48.0
AS14.20,2014-04-06,7.0,0.6,0.0,,,,,,,,,,,,,,,,,49.0
AS14.20,2014-04-07,6.8,0.6,0.0,,,,,,,,,,,,,,,,,50.0
AS14.20,2014-04-08,7.25,0.5,0.0,,,,,,,,,,,,,,,,,51.0
AS14.20,2014-04-09,7.75,0.25,0.0,,,,,,,,,,,,,,,,,52.0
AS14.20,2014-04-10,7.0,0.5,0.0,,,,,,,,,,,,,,,,,53.0
AS14.20,2014-04-11,7.5,0.5,0.0,,,,,,,,,,,,,,,,,54.0
AS14.20,2014-04-12,6.8,0.0,0.0,,,,,,,,,,,,,,,,,55.0
AS14.20,2014-04-13,6.8,0.0,0.0,,,,,,,,,,,,,,,,,56.0
AS14.20,2014-04-14,6.8,0.0,0.0,,,,,,,,,,,,,,,,,57.0
AS14.20,2014-04-15,6.8,0.0,0.0,,,,,,,,,,,,,,,,,58.0
AS14.20,2014-04-16,7.2,0.4,0.0,,,,,,,,,,,,,,,,,59.0
AS14.20,2014-04-17,6.4,-0.4,39.18,,,,,,,,,,,,,,,,,60.0
AS14.20,2014-04-18,6.75,0.0,0.0,,,,,,,,,,,,,,,,,61.0
AS14.20,2014-04-19,7.5,0.0,3.01,,,,,,,,,,,,,,,,,62.0
AS14.20,2014-04-20,7.6,-0.4,0.0,,,,,,,,,,,,,,,,,63.0
AS14.20,2014-04-21,7.4,0.2,0.0,,,,,,,,,,,,,,,,,64.0
AS14.20,2014-04-22,6.4,0.0,0.0,,,,,,,,,,,,,,,,,65.0
AS14.20,2014-04-23,7.0,-0.3333333333333333,0.0,,,,,,,,,,,,,,,,,66.0
AS14.20,2014-04-24,7.0,-0.2,0.0,,,,,,,,,,,,,,,,,67.0
AS14.20,2014-04-25,7.0,0.5,0.0,,,,,,,,,,,,,,,,,68.0
AS14.20,2014-04-26,7.0,0.5,0.0,,,,,,,,,,,,,,,,,69.0
AS14.20,2014-04-27,6.8,0.0,59.635,,,,,,,,,,,,,,,,,70.0
AS14.20,2014-04-28,6.8,0.0,399.017,,,,,,,,,,,,,,,,,71.0
AS14.20,2014-04-29,7.25,0.25,131.852,,,,,,,,,,,,,,,,,72.0
AS14.20,2014-04-30,7.0,0.2,0.6,,,,,,,,,,,,,,,,,73.0
AS14.20,2014-05-01,7.0,0.2,0.4,,,,,,,,,,,,,,,,,74.0
AS14.20,2014-05-02,7.2,0.2,0.2,,,,,,,,,,,,,,,,,75.0
AS14.20,2014-05-03,6.75,0.0,0.5,,,,,,,,,,,,,,,,,76.0
AS14.20,2014-05-04,7.333333333333333,0.0,0.6666666666666666,,,,,,,,,,,,,,,,,77.0
AS14.20,2014-05-05,7.0,0.0,0.0,,,,,,,,,,,,,,,,,78.0
AS14.23,2014-03-22,7.0,0.0,2821.547,,,,,,,,,,,,,,,,,34.0
AS14.23,2014-03-23,7.0,-0.4,21.201999999999998,,,,,,,,,,,,,,,,,35.0
AS14.23,2014-03-24,5.8,-0.2,3.016,,,,,,,,,,,,,,,,,36.0
AS14.23,2014-03-25,6.2,-0.4,0.0,,,,,,,,,,,,,,,,,37.0
AS14.23,2014-03-26,7.0,-0.25,0.0,,,,,,,,,,,,,,,,,38.0
AS14.23,2014-03-27,7.0,0.75,0.0,,,,,,,,,,,,,,,,,39.0
AS14.23,2014-03-28,7.0,0.6,0.0,,,,,,,,,,,,,,,,,40.0
AS14.23,2014-03-29,7.25,0.25,0.0,,,,,,,,,,,,,,,,,41.0
AS14.23,2014-03-30,7.0,0.0,48.303999999999995,,,,,,,,,,,,,,,,,42.0
AS14.23,2014-03-31,7.5,-0.25,0.0,,,,,,,,,,,,,,,,,43.0
AS14.23,2014-04-01,7.5,0.0,35.176,,,,,,,,,,,,,,,,,44.0
AS14.23,2014-04-02,7.0,0.5,22.09,,,,,,,,,,,,,,,,,45.0
AS14.23,2014-04-03,7.0,0.5,4.011,,,,,,,,,,,,,,,,,46.0
AS14.23,2014-04-04,7.0,1.0,0.0,,,,,,,,,,,,,,,,,47.0
AS14.23,2014-04-05,6.5,0.75,0.0,,,,,,,,,,,,,,,,,48.0
AS14.23,2014-04-06,7.0,0.0,0.0,,,,,,,,,,,,,,,,,49.0
AS14.23,2014-04-07,5.75,-0.25,0.0,,,,,,,,,,,,,,,,,50.0
AS14.23,2014-04-08,6.6,0.2,29.157,,,,,,,,,,,,,,,,,51.0
AS14.23,2014-04-09,7.2,-0.4,0.0,,,,,,,,,,,,,,,,,52.0
AS14.23,2014-04-10,7.0,0.0,2.006,,,,,,,,,,,,,,,,,53.0
AS14.23,2014-04-11,7.0,0.4,0.0,,,,,,,,,,,,,,,,,54.0
AS14.23,2014-04-12,7.75,-0.25,0.0,,,,,,,,,,,,,,,,,55.0
AS14.23,2014-04-13,7.2,0.6,0.0,,,,,,,,,,,,,,,,,56.0
AS14.23,2014-04-14,,,0.0,,,,,,,,,,,,,,,,,57.0
AS14.23,2014-04-15,7.25,0.0,0.0,,,,,,,,,,,,,,,,,58.0
AS14.23,2014-04-16,7.4,0.0,0.0,,,,,,,,,,,,,,,,,59.0
AS14.23,2014-04-17,7.4,1.0,0.0,,,,,,,,,,,,,,,,,60.0
AS14.23,2014-04-18,7.6,0.4,166.96,,,,,,,,,,,,,,,,,61.0
AS14.23,2014-04-19,7.75,0.0,16.059,,,,,,,,,,,,,,,,,62.0
AS14.23,2014-04-20,7.75,0.5,7.056,,,,,,,,,,,,,,,,,63.0
AS14.23,2014-04-21,7.2,-0.4,0.0,,,,,,,,,,,,,,,,,64.0
AS14.23,2014-04-22,6.2,0.2,8.265999999999998,,,,,,,,,,,,,,,,,65.0
AS14.23,2014-04-23,7.0,0.0,0.0,,,,,,,,,,,,,,,,,66.0
AS14.23,2014-04-24,7.4,0.0,0.0,,,,,,,,,,,,,,,,,67.0
AS14.23,2014-04-25,7.8,-0.2,11.040999999999999,,,,,,,,,,,,,,,,,68.0
AS14.23,2014-04-26,7.5,-0.5,0.0,,,,,,,,,,,,,,,,,69.0
AS14.23,2014-04-27,7.0,-0.2,10.091000000000001,,,,,,,,,,,,,,,,,70.0
AS14.23,2014-04-28,7.6,-0.2,11.099,,,,,,,,,,,,,,,,,71.0
AS14.23,2014-04-29,7.4,-0.2,0.0,,,,,,,,,,,,,,,,,72.0
AS14.23,2014-04-30,9.0,-1.0,0.0,,,,,,,,,,,,,,,,,73.0
AS14.24,2014-04-14,8.0,1.0,161.569,,,,,,,,,,,,,,,,,57.0
AS14.24,2014-04-15,7.6,-0.6,7.1129999999999995,,,,,,,,,,,,,,,,,58.0
AS14.24,2014-04-16,7.4,-0.4,0.0,,,,,,,,,,,,,,,,,59.0
AS14.24,2014-04-17,6.75,-1.5,7.404,,,,,,,,,,,,,,,,,60.0
AS14.24,2014-04-18,7.0,0.4,4.048,,,,,,,,,,,,,,,,,61.0
AS14.24,2014-04-19,7.25,0.0,0.0,,,,,,,,,,,,,,,,,62.0
AS14.24,2014-04-20,7.8,0.6,4.086,,,,,,,,,,,,,,,,,63.0
AS14.24,2014-04-21,7.5,0.5,37.24,,,,,,,,,,,,,,,,,64.0
AS14.24,2014-04-22,7.2,0.4,11.175,,,,,,,,,,,,,,,,,65.0
AS14.24,2014-04-23,7.5,-0.25,4.018,,,,,,,,,,,,,,,,,66.0
AS14.24,2014-04-24,6.8,-0.25,54.44000000000002,,,,,,,,,,,,,,,,,67.0
AS14.24,2014-04-25,6.2,0.2,80.459,,,,,,,,,,,,,,,,,68.0
AS14.24,2014-04-26,7.6,0.8,6.0409999999999995,,,,,,,,,,,,,,,,,69.0
AS14.24,2014-04-27,7.0,-1.0,0.0,,,,,,,,,,,,,,,,,70.0
AS14.24,2014-04-28,6.8,0.4,22.671999999999997,,,,,,,,,,,,,,,,,71.0
AS14.24,2014-04-29,6.0,1.25,18.316999999999997,,,,,,,,,,,,,,,,,72.0
AS14.24,2014-04-30,6.333333333333333,0.0,12.356,,,,,,,,,,,,,,,,,73.0
AS14.24,2014-05-01,7.4,-0.8,0.0,,,,,,,,,,,,,,,,,74.0
AS14.24,2014-05-02,7.0,-1.0,0.0,,,,,,,,,,,,,,,,,75.0
AS14.24,2014-05-03,6.833333333333333,-1.0,0.0,,,,,,,,,,,,,,,,,76.0
AS14.24,2014-05-04,7.5,-0.5,0.0,,,,,,,,,,,,,,,,,77.0
AS14.24,2014-05-05,6.0,-0.6666666666666666,0.0,,,,,,,,,,,,,,,,,78.0
AS14.24,2014-05-06,,,0.0,,,,,,,,,,,,,,,,,79.0
AS14.24,2014-05-07,7.0,1.0,14.104000000000001,,,,,,,,,,,,,,,,,80.0
AS14.24,2014-05-08,7.0,0.3333333333333333,3.03,,,,,,,,,,,,,,,,,81.0
AS14.24,2014-05-09,7.4,-1.0,3.205,,,,,,,,,,,,,,,,,82.0
AS14.24,2014-05-10,7.0,-0.3333333333333333,3.085,,,,,,,,,,,,,,,,,83.0
AS14.24,2014-05-11,7.25,-1.0,0.0,,,,,,,,,,,,,,,,,84.0
AS14.24,2014-05-12,7.0,-0.8,15.946000000000002,,,,,,,,,,,,,,,,,85.0
AS14.24,2014-05-13,7.5,-0.25,22.11,,,,,,,,,,,,,,,,,86.0
AS14.24,2014-05-14,5.2,-1.0,30.497,,,,,,,,,,,,,,,,,87.0
AS14.24,2014-05-15,6.4,0.2,0.0,,,,,,,,,,,,,,,,,88.0
AS14.24,2014-05-16,7.0,0.0,5.029,,,,,,,,,,,,,,,,,89.0
AS14.24,2014-05-17,7.6,-0.4,21.212999999999997,,,,,,,,,,,,,,,,,90.0
AS14.24,2014-05-18,7.2,-0.2,0.0,,,,,,,,,,,,,,,,,91.0
AS14.24,2014-05-19,7.4,0.25,0.0,,,,,,,,,,,,,,,,,92.0
AS14.24,2014-05-20,7.0,0.0,0.0,,,,,,,,,,,,,,,,,93.0
AS14.24,2014-05-21,6.2,0.2,4.009,,,,,,,,,,,,,,,,,94.0
AS14.24,2014-05-22,6.6,0.6,0.0,,,,,,,,,,,,,,,,,95.0
AS14.24,2014-05-23,6.8,-0.2,0.0,,,,,,,,,,,,,,,,,96.0
AS14.24,2014-05-24,7.2,0.0,0.0,,,,,,,,,,,,,,,,,97.0
AS14.24,2014-05-25,7.0,0.25,0.0,,,,,,,,,,,,,,,,,98.0
AS14.24,2014-05-26,7.0,0.8,0.0,,,,,,,,,,,,,,,,,99.0
AS14.24,2014-05-27,6.2,0.5,0.0,,,,,,,,,,,,,,,,,100.0
AS14.24,2014-05-28,6.6,0.0,0.0,,,,,,,,,,,,,,,,,101.0
AS14.24,2014-05-29,7.0,-0.4,0.0,,,,,,,,,,,,,,,,,102.0
AS14.24,2014-05-30,7.4,0.2,5.039,,,,,,,,,,,,,,,,,103.0
AS14.24,2014-05-31,7.0,1.0,0.0,,,,,,,,,,,,,,,,,104.0
AS14.24,2014-06-01,6.833333333333333,-1.0,0.0,,,,,,,,,,,,,,,,,105.0
AS14.24,2014-06-02,6.75,0.3333333333333333,33.173,,,,,,,,,,,,,,,,,106.0
AS14.24,2014-06-03,7.8,0.4,12.681000000000001,,,,,,,,,,,,,,,,,107.0
AS14.24,2014-06-04,7.0,0.5,0.0,,,,,,,,,,,,,,,,,108.0
AS14.24,2014-06-05,7.0,0.0,0.0,,,,,,,,,,,,,,,,,109.0
AS14.24,2014-06-06,7.5,0.5,2.072,,,,,,,,,,,,,,,,,110.0
AS14.24,2014-06-07,8.0,-1.0,106.85,,,,,,,,,,,,,,,,,111.0
AS14.24,2014-06-08,6.5,-1.5,190.76,,,,,,,,,,,,,,,,,112.0
AS14.25,2014-04-08,8.0,0.5,13.176,,,,,,,,,,,,,,,,,51.0
AS14.25,2014-04-09,7.4,0.0,51.726000000000006,,,,,,,,,,,,,,,,,52.0
AS14.25,2014-04-10,6.5,0.25,21.103,,,,,,,,,,,,,,,,,53.0
AS14.25,2014-04-11,7.75,-0.25,0.0,,,,,,,,,,,,,,,,,54.0
AS14.25,2014-04-12,7.0,-0.2,0.0,,,,,,,,,,,,,,,,,55.0
AS14.25,2014-04-13,6.6,-0.4,53.660000000000004,,,,,,,,,,,,,,,,,56.0
AS14.25,2014-04-14,6.4,0.6,7.031000000000001,,,,,,,,,,,,,,,,,57.0
AS14.25,2014-04-15,6.5,-0.25,33.173,,,,,,,,,,,,,,,,,58.0
AS14.25,2014-04-16,7.2,0.2,5.033,,,,,,,,,,,,,,,,,59.0
AS14.25,2014-04-17,6.5,0.0,0.0,,,,,,,,,,,,,,,,,60.0
AS14.25,2014-04-18,6.25,-0.25,0.0,,,,,,,,,,,,,,,,,61.0
AS14.25,2014-04-19,7.5,-0.75,0.0,,,,,,,,,,,,,,,,,62.0
AS14.25,2014-04-20,6.8,0.0,52.599000000000004,,,,,,,,,,,,,,,,,63.0
AS14.25,2014-04-21,7.4,-0.4,51.55500000000001,,,,,,,,,,,,,,,,,64.0
AS14.25,2014-04-22,8.25,0.25,0.0,,,,,,,,,,,,,,,,,65.0
AS14.25,2014-04-23,6.5,-0.5,9.127,,,,,,,,,,,,,,,,,66.0
AS14.25,2014-04-24,6.0,-1.2,41.297,,,,,,,,,,,,,,,,,67.0
AS14.25,2014-04-25,6.25,-0.25,89.212,,,,,,,,,,,,,,,,,68.0
AS14.25,2014-04-26,7.0,0.5,0.0,,,,,,,,,,,,,,,,,69.0
AS14.25,2014-04-27,7.4,0.0,0.0,,,,,,,,,,,,,,,,,70.0
AS14.25,2014-04-28,7.2,0.0,28.181,,,,,,,,,,,,,,,,,71.0
AS14.25,2014-04-29,6.0,-1.2,17.795,,,,,,,,,,,,,,,,,72.0
AS14.25,2014-04-30,6.2,0.8,5.067,,,,,,,,,,,,,,,,,73.0
AS14.25,2014-05-01,7.0,-1.0,15.079,,,,,,,,,,,,,,,,,74.0
AS14.25,2014-05-02,6.5,-0.75,0.0,,,,,,,,,,,,,,,,,75.0
AS14.25,2014-05-03,6.4,-0.25,0.0,,,,,,,,,,,,,,,,,76.0
AS14.25,2014-05-04,7.2,1.0,41.287,,,,,,,,,,,,,,,,,77.0
AS14.25,2014-05-05,6.666666666666667,-1.0,16.079,,,,,,,,,,,,,,,,,78.0
AS14.25,2014-05-06,,,52.233999999999995,,,,,,,,,,,,,,,,,79.0
AS14.25,2014-05-07,6.8,-0.4,6.024,,,,,,,,,,,,,,,,,80.0
AS14.25,2014-05-08,7.0,0.0,13.110999999999999,,,,,,,,,,,,,,,,,81.0
AS14.26,2014-03-23,7.5,0.5,3.0,,,,,,,,,,,,,,,,,35.0
AS14.26,2014-03-24,7.0,-0.25,2.0,,,,,,,,,,,,,,,,,36.0
AS14.26,2014-03-25,6.6,-0.2,0.0,,,,,,,,,,,,,,,,,37.0
AS14.26,2014-03-26,6.4,0.6,0.0,,,,,,,,,,,,,,,,,38.0
AS14.26,2014-03-27,6.2,-0.2,0.0,,,,,,,,,,,,,,,,,39.0
AS14.26,2014-03-28,8.0,0.2,0.0,,,,,,,,,,,,,,,,,40.0
AS14.26,2014-03-29,8.2,-0.2,0.0,,,,,,,,,,,,,,,,,41.0
AS14.26,2014-03-30,7.2,0.0,0.0,,,,,,,,,,,,,,,,,42.0
AS14.26,2014-03-31,7.0,0.6,0.0,,,,,,,,,,,,,,,,,43.0
AS14.26,2014-04-01,6.6,0.4,2.0,,,,,,,,,,,,,,,,,44.0
AS14.26,2014-04-02,6.4,0.0,2.0,,,,,,,,,,,,,,,,,45.0
AS14.26,2014-04-03,6.8,-0.2,0.0,,,,,,,,,,,,,,,,,46.0
AS14.26,2014-04-04,6.75,0.75,0.0,,,,,,,,,,,,,,,,,47.0
AS14.26,2014-04-05,8.0,1.0,2.0,,,,,,,,,,,,,,,,,48.0
AS14.26,2014-04-06,6.75,0.0,0.0,,,,,,,,,,,,,,,,,49.0
AS14.26,2014-04-07,6.75,0.25,3.0,,,,,,,,,,,,,,,,,50.0
AS14.26,2014-04-08,6.4,0.0,0.0,,,,,,,,,,,,,,,,,51.0
AS14.26,2014-04-09,6.4,0.0,0.0,,,,,,,,,,,,,,,,,52.0
AS14.26,2014-04-10,6.6,-0.2,0.0,,,,,,,,,,,,,,,,,53.0
AS14.26,2014-04-11,6.6,0.8,1.0,,,,,,,,,,,,,,,,,54.0
AS14.26,2014-04-12,7.75,1.0,0.0,,,,,,,,,,,,,,,,,55.0
AS14.26,2014-04-13,7.0,-0.2,3.0239999999999996,,,,,,,,,,,,,,,,,56.0
AS14.26,2014-04-14,7.4,0.4,50.385000000000005,,,,,,,,,,,,,,,,,57.0
AS14.26,2014-04-15,6.8,0.2,0.0,,,,,,,,,,,,,,,,,58.0
AS14.26,2014-04-16,6.8,0.2,0.0,,,,,,,,,,,,,,,,,59.0
AS14.26,2014-04-17,6.0,0.0,0.0,,,,,,,,,,,,,,,,,60.0
AS14.26,2014-04-18,7.2,0.6,0.0,,,,,,,,,,,,,,,,,61.0
AS14.26,2014-04-19,8.0,1.0,0.0,,,,,,,,,,,,,,,,,62.0
AS14.26,2014-04-20,8.0,0.6,0.0,,,,,,,,,,,,,,,,,63.0
AS14.26,2014-04-21,6.4,-0.2,0.0,,,,,,,,,,,,,,,,,64.0
AS14.26,2014-04-22,7.25,0.5,6.219,,,,,,,,,,,,,,,,,65.0
AS14.26,2014-04-23,6.2,0.2,12.222999999999999,,,,,,,,,,,,,,,,,66.0
AS14.26,2014-04-24,5.8,0.0,37.258,,,,,,,,,,,,,,,,,67.0
AS14.26,2014-04-25,6.6,0.2,103.807,,,,,,,,,,,,,,,,,68.0
AS14.26,2014-04-26,8.0,1.0,0.0,,,,,,,,,,,,,,,,,69.0
AS14.26,2014-04-27,7.8,0.8,25.162,,,,,,,,,,,,,,,,,70.0
AS14.26,2014-04-28,8.0,1.0,0.0,,,,,,,,,,,,,,,,,71.0
AS14.26,2014-04-29,6.6,0.6,59.313,,,,,,,,,,,,,,,,,72.0
AS14.26,2014-04-30,6.2,-0.2,0.0,,,,,,,,,,,,,,,,,73.0
AS14.26,2014-05-01,6.8,0.0,0.0,,,,,,,,,,,,,,,,,74.0
AS14.26,2014-05-02,7.2,0.2,12.075999999999999,,,,,,,,,,,,,,,,,75.0
AS14.26,2014-05-03,7.8,0.0,0.0,,,,,,,,,,,,,,,,,76.0
AS14.26,2014-05-04,7.4,-0.2,0.0,,,,,,,,,,,,,,,,,77.0
AS14.26,2014-05-05,6.5,0.25,0.0,,,,,,,,,,,,,,,,,78.0
AS14.26,2014-05-06,,,0.0,,,,,,,,,,,,,,,,,79.0
AS14.26,2014-05-07,6.8,0.0,0.0,,,,,,,,,,,,,,,,,80.0
AS14.26,2014-05-08,6.6,-0.2,77.72200000000001,,,,,,,,,,,,,,,,,81.0
AS14.26,2014-05-09,6.8,0.2,26.515,,,,,,,,,,,,,,,,,82.0
AS14.26,2014-05-10,8.0,0.6,77.20599999999999,,,,,,,,,,,,,,,,,83.0
AS14.26,2014-05-11,6.2,0.4,20.032999999999998,,,,,,,,,,,,,,,,,84.0
AS14.26,2014-05-12,6.4,0.0,0.0,,,,,,,,,,,,,,,,,85.0
AS14.26,2014-05-13,7.0,0.4,0.0,,,,,,,,,,,,,,,,,86.0
AS14.26,2014-05-14,6.0,0.0,0.0,,,,,,,,,,,,,,,,,87.0
AS14.26,2014-05-15,6.4,0.2,0.0,,,,,,,,,,,,,,,,,88.0
AS14.26,2014-05-16,7.4,0.6,0.0,,,,,,,,,,,,,,,,,89.0
AS14.26,2014-05-17,7.4,0.5,0.0,,,,,,,,,,,,,,,,,90.0
AS14.26,2014-05-18,7.2,0.4,0.0,,,,,,,,,,,,,,,,,91.0
AS14.26,2014-05-19,7.4,-0.4,0.0,,,,,,,,,,,,,,,,,92.0
AS14.26,2014-05-20,7.6,-0.4,0.0,,,,,,,,,,,,,,,,,93.0
AS14.26,2014-05-21,7.0,0.2,8.031,,,,,,,,,,,,,,,,,94.0
AS14.26,2014-05-22,6.6,-0.2,8.066,,,,,,,,,,,,,,,,,95.0
AS14.26,2014-05-23,6.2,0.2,0.0,,,,,,,,,,,,,,,,,96.0
AS14.26,2014-05-24,7.6,-0.2,0.0,,,,,,,,,,,,,,,,,97.0
AS14.26,2014-05-25,8.0,-0.5,0.0,,,,,,,,,,,,,,,,,98.0
AS14.26,2014-05-26,7.2,0.2,98.80799999999999,,,,,,,,,,,,,,,,,99.0
AS14.26,2014-05-27,5.8,0.0,131.164,,,,,,,,,,,,,,,,,100.0
AS14.26,2014-05-28,5.4,0.6,184.321,,,,,,,,,,,,,,,,,101.0
AS14.26,2014-05-29,7.4,0.0,7.0489999999999995,,,,,,,,,,,,,,,,,102.0
AS14.26,2014-05-30,6.4,-0.4,0.0,,,,,,,,,,,,,,,,,103.0
AS14.27,2014-04-03,7.4,-0.4,1084.116,,,,,,,,,,,,,,,,,46.0
AS14.27,2014-04-04,7.0,1.0,106.467,,,,,,,,,,,,,,,,,47.0
AS14.27,2014-04-05,7.4,-0.2,19.125,,,,,,,,,,,,,,,,,48.0
AS14.27,2014-04-06,7.0,-1.0,25.473999999999997,,,,,,,,,,,,,,,,,49.0
AS14.27,2014-04-07,7.6,1.0,0.0,,,,,,,,,,,,,,,,,50.0
AS14.27,2014-04-08,7.6,-0.6,0.0,,,,,,,,,,,,,,,,,51.0
AS14.27,2014-04-09,7.0,0.4,0.0,,,,,,,,,,,,,,,,,52.0
AS14.27,2014-04-10,7.4,-0.2,0.0,,,,,,,,,,,,,,,,,53.0
AS14.27,2014-04-11,5.8,0.4,0.0,,,,,,,,,,,,,,,,,54.0
AS14.27,2014-04-12,7.0,0.25,0.0,,,,,,,,,,,,,,,,,55.0
AS14.27,2014-04-13,8.75,0.5,0.0,,,,,,,,,,,,,,,,,56.0
AS14.27,2014-04-14,7.6,-0.8,29.346999999999998,,,,,,,,,,,,,,,,,57.0
AS14.27,2014-04-15,7.2,-0.6,0.0,,,,,,,,,,,,,,,,,58.0
AS14.27,2014-04-16,7.8,-1.4,0.0,,,,,,,,,,,,,,,,,59.0
AS14.27,2014-04-17,7.6,0.2,0.0,,,,,,,,,,,,,,,,,60.0
AS14.27,2014-04-18,8.6,0.0,0.0,,,,,,,,,,,,,,,,,61.0
AS14.27,2014-04-19,7.5,-0.25,0.0,,,,,,,,,,,,,,,,,62.0
AS14.27,2014-04-20,7.2,-0.4,0.0,,,,,,,,,,,,,,,,,63.0
AS14.27,2014-04-21,6.8,0.0,96.97300000000001,,,,,,,,,,,,,,,,,64.0
AS14.27,2014-04-22,7.8,-1.0,0.0,,,,,,,,,,,,,,,,,65.0
AS14.27,2014-04-23,8.0,0.0,0.0,,,,,,,,,,,,,,,,,66.0
AS14.27,2014-04-24,7.6,0.6,0.0,,,,,,,,,,,,,,,,,67.0
AS14.27,2014-04-25,7.6,1.2,30.761,,,,,,,,,,,,,,,,,68.0
AS14.27,2014-04-26,9.333333333333334,0.6666666666666666,60.370999999999995,,,,,,,,,,,,,,,,,69.0
AS14.27,2014-04-27,8.0,0.4,0.0,,,,,,,,,,,,,,,,,70.0
AS14.27,2014-04-28,7.8,0.2,0.0,,,,,,,,,,,,,,,,,71.0
AS14.27,2014-04-29,7.2,-1.2,0.0,,,,,,,,,,,,,,,,,72.0
AS14.27,2014-04-30,6.6,1.2,0.0,,,,,,,,,,,,,,,,,73.0
AS14.27,2014-05-01,7.6,0.4,0.0,,,,,,,,,,,,,,,,,74.0
AS14.27,2014-05-02,7.2,-1.0,0.0,,,,,,,,,,,,,,,,,75.0
AS14.27,2014-05-03,6.4,1.2,0.0,,,,,,,,,,,,,,,,,76.0
AS14.27,2014-05-04,7.4,-0.2,0.0,,,,,,,,,,,,,,,,,77.0
AS14.27,2014-05-05,7.666666666666667,0.0,0.0,,,,,,,,,,,,,,,,,78.0
AS14.27,2014-05-06,,,0.0,,,,,,,,,,,,,,,,,79.0
AS14.27,2014-05-07,7.8,0.6,0.0,,,,,,,,,,,,,,,,,80.0
AS14.27,2014-05-08,7.0,0.6,0.0,,,,,,,,,,,,,,,,,81.0
AS14.27,2014-05-09,6.4,1.2,23.144000000000002,,,,,,,,,,,,,,,,,82.0
AS14.27,2014-05-10,6.6,0.6,77.999,,,,,,,,,,,,,,,,,83.0
AS14.27,2014-05-11,7.0,1.4,303.35699999999997,,,,,,,,,,,,,,,,,84.0
AS14.27,2014-05-12,7.8,0.0,31.066999999999997,,,,,,,,,,,,,,,,,85.0
AS14.27,2014-05-13,6.8,0.8,844.8080000000001,,,,,,,,,,,,,,,,,86.0
AS14.27,2014-05-14,7.5,1.0,464.58399999999995,,,,,,,,,,,,,,,,,87.0
AS14.27,2014-05-15,7.0,1.5,0.5,,,,,,,,,,,,,,,,,88.0
AS14.28,2014-03-31,6.5,0.0,6.177,,,,,,,,,,,,,,,,,43.0
AS14.28,2014-04-01,7.5,0.0,0.0,,,,,,,,,,,,,,,,,44.0
AS14.28,2014-04-02,6.8,-0.2,45.055,,,,,,,,,,,,,,,,,45.0
AS14.28,2014-04-03,8.0,0.0,87.685,,,,,,,,,,,,,,,,,46.0
AS14.28,2014-04-04,5.75,-0.5,57.53,,,,,,,,,,,,,,,,,47.0
AS14.28,2014-04-05,7.6,-0.8,5.05,,,,,,,,,,,,,,,,,48.0
AS14.28,2014-04-06,7.2,-0.6,0.0,,,,,,,,,,,,,,,,,49.0
AS14.28,2014-04-07,8.0,0.2,100.14099999999999,,,,,,,,,,,,,,,,,50.0
AS14.28,2014-04-08,7.8,-0.2,54.05500000000001,,,,,,,,,,,,,,,,,51.0
AS14.28,2014-04-09,7.0,-1.0,0.0,,,,,,,,,,,,,,,,,52.0
AS14.28,2014-04-10,7.0,-1.0,0.0,,,,,,,,,,,,,,,,,53.0
AS14.28,2014-04-11,7.4,-0.6,10.104,,,,,,,,,,,,,,,,,54.0
AS14.28,2014-04-12,7.8,-0.75,42.271,,,,,,,,,,,,,,,,,55.0
AS14.28,2014-04-13,7.2,-0.6,106.85900000000001,,,,,,,,,,,,,,,,,56.0
AS14.28,2014-04-14,6.8,-1.0,66.258,,,,,,,,,,,,,,,,,57.0
AS14.28,2014-04-15,6.8,-0.2,43.824,,,,,,,,,,,,,,,,,58.0
AS14.28,2014-04-16,6.2,0.6,79.236,,,,,,,,,,,,,,,,,59.0
AS14.28,2014-04-17,7.8,-0.5,0.0,,,,,,,,,,,,,,,,,60.0
AS14.28,2014-04-18,5.8,-0.2,71.178,,,,,,,,,,,,,,,,,61.0
AS14.28,2014-04-19,6.75,-0.5,22.188000000000002,,,,,,,,,,,,,,,,,62.0
AS14.28,2014-04-20,7.8,-0.4,0.0,,,,,,,,,,,,,,,,,63.0
AS14.28,2014-04-21,8.0,-0.25,39.01,,,,,,,,,,,,,,,,,64.0
AS14.28,2014-04-22,7.25,-0.75,44.756,,,,,,,,,,,,,,,,,65.0
AS14.28,2014-04-23,7.0,0.3333333333333333,53.44,,,,,,,,,,,,,,,,,66.0
AS14.28,2014-04-24,8.0,-0.2,130.565,,,,,,,,,,,,,,,,,67.0
AS14.28,2014-04-25,7.0,-0.2,62.71,,,,,,,,,,,,,,,,,68.0
AS14.28,2014-04-26,8.0,0.0,104.55700000000002,,,,,,,,,,,,,,,,,69.0
AS14.28,2014-04-27,7.25,0.25,170.37199999999999,,,,,,,,,,,,,,,,,70.0
AS14.28,2014-04-28,7.5,-0.5,0.0,,,,,,,,,,,,,,,,,71.0
AS14.28,2014-04-29,7.0,-0.2,0.0,,,,,,,,,,,,,,,,,72.0
AS14.28,2014-04-30,6.2,-0.2,0.0,,,,,,,,,,,,,,,,,73.0
AS14.28,2014-05-01,6.4,-0.6,40.242,,,,,,,,,,,,,,,,,74.0
AS14.28,2014-05-02,6.8,-0.5,0.0,,,,,,,,,,,,,,,,,75.0
AS14.28,2014-05-03,7.4,0.0,43.93,,,,,,,,,,,,,,,,,76.0
AS14.28,2014-05-04,6.8,-0.4,30.084,,,,,,,,,,,,,,,,,77.0
AS14.28,2014-05-05,7.0,0.5,53.47,,,,,,,,,,,,,,,,,78.0
AS14.28,2014-05-06,,,31.711,,,,,,,,,,,,,,,,,79.0
AS14.28,2014-05-07,6.333333333333333,0.0,9.186,,,,,,,,,,,,,,,,,80.0
AS14.28,2014-05-08,6.5,0.0,1240.5869999999995,,,,,,,,,,,,,,,,,81.0
AS14.29,2014-04-02,8.5,0.25,14.126000000000001,,,,,,,,,,,,,,,,,45.0
AS14.29,2014-04-03,7.25,-1.0,0.0,,,,,,,,,,,,,,,,,46.0
AS14.29,2014-04-04,8.0,-1.25,0.0,,,,,,,,,,,,,,,,,47.0
AS14.29,2014-04-05,8.2,0.8,0.0,,,,,,,,,,,,,,,,,48.0
AS14.29,2014-04-06,7.75,0.0,15.058,,,,,,,,,,,,,,,,,49.0
AS14.29,2014-04-07,7.2,-0.6,0.0,,,,,,,,,,,,,,,,,50.0
AS14.29,2014-04-08,7.8,-0.8,0.0,,,,,,,,,,,,,,,,,51.0
AS14.29,2014-04-09,7.6,0.4,2.0149999999999997,,,,,,,,,,,,,,,,,52.0
AS14.29,2014-04-10,8.6,0.4,0.0,,,,,,,,,,,,,,,,,53.0
AS14.29,2014-04-11,7.2,0.2,4.041,,,,,,,,,,,,,,,,,54.0
AS14.29,2014-04-12,8.25,1.0,0.0,,,,,,,,,,,,,,,,,55.0
AS14.29,2014-04-13,8.2,0.0,0.0,,,,,,,,,,,,,,,,,56.0
AS14.29,2014-04-14,8.0,-0.8,0.0,,,,,,,,,,,,,,,,,57.0
AS14.29,2014-04-15,8.25,-0.5,0.0,,,,,,,,,,,,,,,,,58.0
AS14.29,2014-04-16,7.8,0.0,0.0,,,,,,,,,,,,,,,,,59.0
AS14.29,2014-04-17,7.6,0.8,3.018,,,,,,,,,,,,,,,,,60.0
AS14.29,2014-04-18,8.0,-0.25,4.031000000000001,,,,,,,,,,,,,,,,,61.0
AS14.29,2014-04-19,7.0,-0.6,0.0,,,,,,,,,,,,,,,,,62.0
AS14.29,2014-04-20,7.5,-0.5,0.0,,,,,,,,,,,,,,,,,63.0
AS14.29,2014-04-21,7.2,0.0,0.0,,,,,,,,,,,,,,,,,64.0
AS14.29,2014-04-22,6.4,-0.2,8.087,,,,,,,,,,,,,,,,,65.0
AS14.29,2014-04-23,7.6,0.6,27.061999999999998,,,,,,,,,,,,,,,,,66.0
AS14.29,2014-04-24,7.8,0.2,0.0,,,,,,,,,,,,,,,,,67.0
AS14.29,2014-04-25,7.5,0.0,3.0600000000000005,,,,,,,,,,,,,,,,,68.0
AS14.29,2014-04-26,6.0,0.0,0.0,,,,,,,,,,,,,,,,,69.0
AS14.29,2014-04-27,6.5,-0.75,0.0,,,,,,,,,,,,,,,,,70.0
AS14.29,2014-04-28,7.0,-0.4,0.0,,,,,,,,,,,,,,,,,71.0
AS14.29,2014-04-29,7.6,0.4,0.0,,,,,,,,,,,,,,,,,72.0
AS14.29,2014-04-30,7.8,-0.4,0.0,,,,,,,,,,,,,,,,,73.0
AS14.29,2014-05-01,7.6,0.0,0.0,,,,,,,,,,,,,,,,,74.0
AS14.29,2014-05-02,,,2.299,,,,,,,,,,,,,,,,,75.0
AS14.29,2014-05-03,8.0,1.0,0.0,,,,,,,,,,,,,,,,,76.0
AS14.29,2014-05-04,8.0,-1.0,0.0,,,,,,,,,,,,,,,,,77.0
AS14.29,2014-05-05,7.333333333333333,-0.3333333333333333,0.0,,,,,,,,,,,,,,,,,78.0
AS14.29,2014-05-06,,,0.0,,,,,,,,,,,,,,,,,79.0
AS14.29,2014-05-07,7.8,-0.2,0.0,,,,,,,,,,,,,,,,,80.0
AS14.29,2014-05-08,7.8,0.4,0.0,,,,,,,,,,,,,,,,,81.0
AS14.29,2014-05-09,7.4,-0.4,0.0,,,,,,,,,,,,,,,,,82.0
AS14.29,2014-05-10,7.0,-0.2,3.094,,,,,,,,,,,,,,,,,83.0
AS14.29,2014-05-11,7.0,-0.8,0.0,,,,,,,,,,,,,,,,,84.0
AS14.29,2014-05-12,7.6,-0.2,0.0,,,,,,,,,,,,,,,,,85.0
AS14.29,2014-05-13,8.2,0.6,28.22,,,,,,,,,,,,,,,,,86.0
AS14.29,2014-05-14,7.6,0.2,134.873,,,,,,,,,,,,,,,,,87.0
AS14.29,2014-05-15,6.0,-0.5,0.0,,,,,,,,,,,,,,,,,88.0
AS14.30,2014-03-20,7.0,0.3333333333333333,31.155,,,,,,,,,,,,,,,,,32.0
AS14.30,2014-03-21,7.8,-0.4,87.215,,,,,,,,,,,,,,,,,33.0
AS14.30,2014-03-22,7.6,-0.8,74.434,,,,,,,,,,,,,,,,,34.0
AS14.30,2014-03-23,7.8,-0.6,366.93700000000007,,,,,,,,,,,,,,,,,35.0
AS14.30,2014-03-24,7.8,-0.2,15.07,,,,,,,,,,,,,,,,,36.0
AS14.30,2014-03-25,8.0,-0.2,0.0,,,,,,,,,,,,,,,,,37.0
AS14.30,2014-03-26,6.8,0.2,6.087000000000001,,,,,,,,,,,,,,,,,38.0
AS14.30,2014-03-27,7.75,-0.75,0.0,,,,,,,,,,,,,,,,,39.0
AS14.30,2014-03-28,7.8,0.0,0.0,,,,,,,,,,,,,,,,,40.0
AS14.30,2014-03-29,8.4,-1.4,0.0,,,,,,,,,,,,,,,,,41.0
AS14.30,2014-03-30,7.6,-1.2,1.0070000000000001,,,,,,,,,,,,,,,,,42.0
AS14.30,2014-03-31,7.6,-0.8,0.0,,,,,,,,,,,,,,,,,43.0
AS14.30,2014-04-01,7.8,-1.2,0.0,,,,,,,,,,,,,,,,,44.0
AS14.30,2014-04-02,7.6,-0.6,0.0,,,,,,,,,,,,,,,,,45.0
AS14.30,2014-04-03,8.0,0.2,0.0,,,,,,,,,,,,,,,,,46.0
AS14.30,2014-04-04,7.8,-1.2,0.0,,,,,,,,,,,,,,,,,47.0
AS14.30,2014-04-05,8.0,-0.8,0.0,,,,,,,,,,,,,,,,,48.0
AS14.30,2014-04-06,8.0,-1.2,97.50500000000001,,,,,,,,,,,,,,,,,49.0
AS14.30,2014-04-07,7.6,0.0,74.886,,,,,,,,,,,,,,,,,50.0
AS14.30,2014-04-08,7.8,-0.6,0.0,,,,,,,,,,,,,,,,,51.0
AS14.30,2014-04-09,7.75,-0.5,0.0,,,,,,,,,,,,,,,,,52.0
AS14.30,2014-04-10,8.2,-1.0,0.0,,,,,,,,,,,,,,,,,53.0
AS14.30,2014-04-11,7.666666666666667,-0.6666666666666666,8.032,,,,,,,,,,,,,,,,,54.0
AS14.30,2014-04-12,7.8,-1.0,0.0,,,,,,,,,,,,,,,,,55.0
AS14.30,2014-04-13,7.2,-1.6,0.0,,,,,,,,,,,,,,,,,56.0
AS14.30,2014-04-14,7.75,-0.25,0.0,,,,,,,,,,,,,,,,,57.0
AS14.30,2014-04-15,7.6,-1.4,0.0,,,,,,,,,,,,,,,,,58.0
AS14.30,2014-04-16,8.4,-0.4,0.0,,,,,,,,,,,,,,,,,59.0
AS14.30,2014-04-17,7.6,-0.8,0.0,,,,,,,,,,,,,,,,,60.0
AS14.30,2014-04-18,7.4,-1.2,0.0,,,,,,,,,,,,,,,,,61.0
AS14.30,2014-04-19,7.8,-1.2,3.008,,,,,,,,,,,,,,,,,62.0
AS14.30,2014-04-20,7.75,-1.25,0.0,,,,,,,,,,,,,,,,,63.0
AS14.30,2014-04-21,7.8,-1.6,0.0,,,,,,,,,,,,,,,,,64.0
AS14.30,2014-04-22,8.0,-0.8,0.0,,,,,,,,,,,,,,,,,65.0
AS14.30,2014-04-23,7.6,-1.4,0.0,,,,,,,,,,,,,,,,,66.0
AS14.30,2014-04-24,8.2,-1.2,0.0,,,,,,,,,,,,,,,,,67.0
AS14.30,2014-04-25,7.5,-1.0,0.0,,,,,,,,,,,,,,,,,68.0
AS14.30,2014-04-26,7.8,-1.2,7.026,,,,,,,,,,,,,,,,,69.0
AS14.30,2014-04-27,7.8,-1.0,23.033,,,,,,,,,,,,,,,,,70.0
AS14.30,2014-04-28,8.0,-1.0,45.295,,,,,,,,,,,,,,,,,71.0
AS14.30,2014-04-29,8.0,-1.0,88.487,,,,,,,,,,,,,,,,,72.0
AS14.30,2014-04-30,7.8,-1.2,102.61399999999999,,,,,,,,,,,,,,,,,73.0
AS14.30,2014-05-01,8.2,-1.0,47.589999999999996,,,,,,,,,,,,,,,,,74.0
AS14.30,2014-05-02,8.0,-1.0,123.998,,,,,,,,,,,,,,,,,75.0
AS14.30,2014-05-03,7.8,-1.2,9.033,,,,,,,,,,,,,,,,,76.0
AS14.30,2014-05-04,7.8,-1.4,1005.251,,,,,,,,,,,,,,,,,77.0
AS14.30,2014-05-05,8.0,-1.0,1.0,,,,,,,,,,,,,,,,,78.0
AS14.31,2014-04-02,6.666666666666667,0.0,142.03699999999998,,,,,,,,,,,,,,,,,45.0
AS14.31,2014-04-03,6.6,0.6,60.230000000000004,,,,,,,,,,,,,,,,,46.0
AS14.31,2014-04-04,6.8,0.4,208.44900000000004,,,,,,,,,,,,,,,,,47.0
AS14.31,2014-04-05,7.4,0.8,124.52,,,,,,,,,,,,,,,,,48.0
AS14.31,2014-04-06,6.6,0.0,40.253,,,,,,,,,,,,,,,,,49.0
AS14.31,2014-04-07,6.6,0.2,0.0,,,,,,,,,,,,,,,,,50.0
AS14.31,2014-04-08,7.0,0.6,117.86999999999998,,,,,,,,,,,,,,,,,51.0
AS14.31,2014-04-09,7.0,0.2,63.32899999999999,,,,,,,,,,,,,,,,,52.0
AS14.31,2014-04-10,7.2,0.4,398.533,,,,,,,,,,,,,,,,,53.0
AS14.31,2014-04-11,7.8,0.6,946.1750000000001,,,,,,,,,,,,,,,,,54.0
AS14.31,2014-04-12,7.0,0.6,0.0,,,,,,,,,,,,,,,,,55.0
AS14.31,2014-04-13,6.8,-0.6,204.96300000000002,,,,,,,,,,,,,,,,,56.0
AS14.31,2014-04-14,6.2,-0.8,20.634,,,,,,,,,,,,,,,,,57.0
AS14.31,2014-04-15,7.0,0.0,157.271,,,,,,,,,,,,,,,,,58.0
AS14.31,2014-04-16,6.75,0.0,143.47199999999998,,,,,,,,,,,,,,,,,59.0
AS14.31,2014-04-17,7.0,0.6,129.08,,,,,,,,,,,,,,,,,60.0
AS14.31,2014-04-18,6.8,0.2,8.041,,,,,,,,,,,,,,,,,61.0
AS14.31,2014-04-19,7.8,0.8,79.219,,,,,,,,,,,,,,,,,62.0
AS14.31,2014-04-20,8.0,1.2,248.96,,,,,,,,,,,,,,,,,63.0
AS14.31,2014-04-21,6.4,0.2,115.119,,,,,,,,,,,,,,,,,64.0
AS14.31,2014-04-22,7.0,0.0,1202.8869999999997,,,,,,,,,,,,,,,,,65.0
AS14.31,2014-04-23,7.0,0.8,1055.7,,,,,,,,,,,,,,,,,66.0
AS14.31,2014-04-24,6.5,0.25,560.014,,,,,,,,,,,,,,,,,67.0
AS14.31,2014-04-25,7.0,1.0,213.105,,,,,,,,,,,,,,,,,68.0
AS14.31,2014-04-26,7.0,0.3333333333333333,80.23199999999999,,,,,,,,,,,,,,,,,69.0
AS14.31,2014-04-27,7.4,1.0,533.1179999999999,,,,,,,,,,,,,,,,,70.0
AS14.31,2014-04-28,6.8,0.8,256.995,,,,,,,,,,,,,,,,,71.0
AS14.31,2014-04-29,7.0,0.3333333333333333,105.52199999999999,,,,,,,,,,,,,,,,,72.0
AS14.31,2014-04-30,7.0,0.4,2257.6259999999997,,,,,,,,,,,,,,,,,73.0
AS14.31,2014-05-01,7.0,0.8,293.929,,,,,,,,,,,,,,,,,74.0
AS14.31,2014-05-02,7.0,1.0,428.97900000000004,,,,,,,,,,,,,,,,,75.0
AS14.31,2014-05-03,7.4,1.0,1389.5160000000005,,,,,,,,,,,,,,,,,76.0
AS14.31,2014-05-04,7.2,0.8,0.0,,,,,,,,,,,,,,,,,77.0
AS14.31,2014-05-05,7.0,0.75,0.0,,,,,,,,,,,,,,,,,78.0
AS14.31,2014-05-06,,,0.0,,,,,,,,,,,,,,,,,79.0
AS14.31,2014-05-07,6.75,0.5,0.0,,,,,,,,,,,,,,,,,80.0
AS14.31,2014-05-08,7.0,1.0,0.0,,,,,,,,,,,,,,,,,81.0
AS14.31,2014-05-09,7.0,0.6666666666666666,0.0,,,,,,,,,,,,,,,,,82.0
AS14.31,2014-05-10,7.333333333333333,1.0,0.0,,,,,,,,,,,,,,,,,83.0
AS14.31,2014-05-11,7.0,0.4,0.0,,,,,,,,,,,,,,,,,84.0
AS14.31,2014-05-12,7.0,1.0,0.0,,,,,,,,,,,,,,,,,85.0
AS14.31,2014-05-13,7.0,1.0,0.0,,,,,,,,,,,,,,,,,86.0
AS14.31,2014-05-14,7.0,1.0,0.0,,,,,,,,,,,,,,,,,87.0
AS14.31,2014-05-15,7.0,0.5,0.0,,,,,,,,,,,,,,,,,88.0
AS14.32,2014-04-01,8.0,-1.0,13.199000000000002,,,,,,,,,,,,,,,,,44.0
AS14.32,2014-04-02,7.0,0.0,0.0,,,,,,,,,,,,,,,,,45.0
AS14.32,2014-04-03,8.0,-0.25,319.217,,,,,,,,,,,,,,,,,46.0
AS14.32,2014-04-04,8.0,-0.5,5.024,,,,,,,,,,,,,,,,,47.0
AS14.32,2014-04-05,8.4,1.4,0.0,,,,,,,,,,,,,,,,,48.0
AS14.32,2014-04-06,7.6,-1.4,10.029,,,,,,,,,,,,,,,,,49.0
AS14.32,2014-04-07,7.0,-0.5,22.430999999999997,,,,,,,,,,,,,,,,,50.0
AS14.32,2014-04-08,7.8,0.4,0.0,,,,,,,,,,,,,,,,,51.0
AS14.32,2014-04-09,7.333333333333333,0.3333333333333333,0.0,,,,,,,,,,,,,,,,,52.0
AS14.32,2014-04-10,8.25,0.25,0.0,,,,,,,,,,,,,,,,,53.0
AS14.32,2014-04-11,7.666666666666667,0.3333333333333333,13.118,,,,,,,,,,,,,,,,,54.0
AS14.32,2014-04-12,8.6,0.2,0.0,,,,,,,,,,,,,,,,,55.0
AS14.32,2014-04-13,8.0,-1.8,0.0,,,,,,,,,,,,,,,,,56.0
AS14.32,2014-04-14,7.5,0.5,0.0,,,,,,,,,,,,,,,,,57.0
AS14.32,2014-04-15,8.0,0.0,0.0,,,,,,,,,,,,,,,,,58.0
AS14.32,2014-04-16,8.5,0.75,0.0,,,,,,,,,,,,,,,,,59.0
AS14.32,2014-04-17,8.5,0.5,0.0,,,,,,,,,,,,,,,,,60.0
AS14.32,2014-04-18,7.0,-1.0,0.0,,,,,,,,,,,,,,,,,61.0
AS14.32,2014-04-19,,,0.0,,,,,,,,,,,,,,,,,62.0
AS14.32,2014-04-20,,,0.0,,,,,,,,,,,,,,,,,63.0
AS14.32,2014-04-21,7.0,-1.75,0.0,,,,,,,,,,,,,,,,,64.0
AS14.32,2014-04-22,,,0.0,,,,,,,,,,,,,,,,,65.0
AS14.32,2014-04-23,7.0,-0.2,0.0,,,,,,,,,,,,,,,,,66.0
AS14.32,2014-04-24,8.0,0.0,0.0,,,,,,,,,,,,,,,,,67.0
AS14.32,2014-04-25,8.0,0.0,0.0,,,,,,,,,,,,,,,,,68.0
AS14.32,2014-04-26,,,0.0,,,,,,,,,,,,,,,,,69.0
AS14.32,2014-04-27,7.0,-0.5,447.418,,,,,,,,,,,,,,,,,70.0
AS14.32,2014-04-28,7.5,0.25,70.423,,,,,,,,,,,,,,,,,71.0
AS14.32,2014-04-29,8.0,1.0,0.0,,,,,,,,,,,,,,,,,72.0
AS14.32,2014-04-30,7.0,0.0,103.49000000000001,,,,,,,,,,,,,,,,,73.0
AS14.32,2014-05-01,7.0,-1.0,0.0,,,,,,,,,,,,,,,,,74.0
AS14.32,2014-05-02,7.25,-0.25,89.95499999999998,,,,,,,,,,,,,,,,,75.0
AS14.32,2014-05-03,7.5,-1.0,0.0,,,,,,,,,,,,,,,,,76.0
AS14.32,2014-05-04,8.666666666666666,0.3333333333333333,0.0,,,,,,,,,,,,,,,,,77.0
AS14.32,2014-05-05,7.0,-0.5,0.0,,,,,,,,,,,,,,,,,78.0
AS14.32,2014-05-06,,,0.0,,,,,,,,,,,,,,,,,79.0
AS14.32,2014-05-07,6.0,-1.0,113.693,,,,,,,,,,,,,,,,,80.0
AS14.32,2014-05-08,6.0,-1.0,0.0,,,,,,,,,,,,,,,,,81.0
AS14.32,2014-05-09,7.75,-0.25,575.6669999999999,,,,,,,,,,,,,,,,,82.0
AS14.32,2014-05-10,7.25,-0.75,666.5790000000001,,,,,,,,,,,,,,,,,83.0
AS14.32,2014-05-11,7.2,-1.4,221.782,,,,,,,,,,,,,,,,,84.0
AS14.32,2014-05-12,7.2,-0.6,19.545,,,,,,,,,,,,,,,,,85.0
AS14.33,2014-04-16,7.0,0.3333333333333333,164.932,,,,,,,,,,,,,,,,,59.0
AS14.33,2014-04-17,7.2,-0.6,283.44500000000005,,,,,,,,,,,,,,,,,60.0
AS14.33,2014-04-18,7.4,-0.8,102.369,,,,,,,,,,,,,,,,,61.0
AS14.33,2014-04-19,7.666666666666667,0.0,83.939,,,,,,,,,,,,,,,,,62.0
AS14.33,2014-04-20,7.4,0.0,3.01,,,,,,,,,,,,,,,,,63.0
AS14.33,2014-04-21,7.2,0.0,4.208,,,,,,,,,,,,,,,,,64.0
AS14.33,2014-04-22,6.2,-0.6,90.13199999999999,,,,,,,,,,,,,,,,,65.0
AS14.33,2014-04-23,5.2,-0.2,0.0,,,,,,,,,,,,,,,,,66.0
AS14.33,2014-04-24,7.0,-0.25,90.989,,,,,,,,,,,,,,,,,67.0
AS14.33,2014-04-25,8.4,0.8,0.0,,,,,,,,,,,,,,,,,68.0
AS14.33,2014-04-26,7.6,0.4,22.697,,,,,,,,,,,,,,,,,69.0
AS14.33,2014-04-27,6.2,-1.2,4.976,,,,,,,,,,,,,,,,,70.0
AS14.33,2014-04-28,6.75,-1.25,336.83900000000006,,,,,,,,,,,,,,,,,71.0
AS14.33,2014-04-29,6.2,-0.4,97.63600000000001,,,,,,,,,,,,,,,,,72.0
AS14.33,2014-04-30,6.4,-1.0,0.0,,,,,,,,,,,,,,,,,73.0
AS14.33,2014-05-01,7.0,-0.6,131.141,,,,,,,,,,,,,,,,,74.0
AS14.33,2014-05-02,,,80.27799999999999,,,,,,,,,,,,,,,,,75.0
AS14.33,2014-05-03,,,0.0,,,,,,,,,,,,,,,,,76.0
AS14.33,2014-05-04,8.333333333333334,0.0,97.76500000000001,,,,,,,,,,,,,,,,,77.0
AS14.33,2014-05-05,7.25,-1.5,0.0,,,,,,,,,,,,,,,,,78.0
AS14.33,2014-05-06,,,15.463000000000001,,,,,,,,,,,,,,,,,79.0
AS14.33,2014-05-07,5.0,-0.25,3.187,,,,,,,,,,,,,,,,,80.0
AS14.33,2014-05-08,6.6,-0.8,105.09800000000001,,,,,,,,,,,,,,,,,81.0
AS14.33,2014-05-09,4.8,0.2,16.477,,,,,,,,,,,,,,,,,82.0
AS14.33,2014-05-10,7.6,-0.4,175.48,,,,,,,,,,,,,,,,,83.0
AS14.33,2014-05-11,6.0,0.0,0.0,,,,,,,,,,,,,,,,,84.0
AS14.33,2014-05-12,6.0,-0.75,0.0,,,,,,,,,,,,,,,,,85.0
AS14.33,2014-05-13,5.0,0.5,29.384,,,,,,,,,,,,,,,,,86.0
AS14.33,2014-05-14,6.833333333333333,-0.3333333333333333,0.0,,,,,,,,,,,,,,,,,87.0
AS14.33,2014-05-15,6.0,0.0,34.972,,,,,,,,,,,,,,,,,88.0
AS14.33,2014-05-16,7.0,0.4,29.338,,,,,,,,,,,,,,,,,89.0
AS14.33,2014-05-17,6.0,0.25,0.0,,,,,,,,,,,,,,,,,90.0
AS14.33,2014-05-18,6.0,-0.6,11.121,,,,,,,,,,,,,,,,,91.0
AS14.33,2014-05-19,6.2,-0.2,0.0,,,,,,,,,,,,,,,,,92.0
AS14.33,2014-05-20,6.25,-0.5,0.0,,,,,,,,,,,,,,,,,93.0
AS14.33,2014-05-21,6.0,-0.6666666666666666,0.0,,,,,,,,,,,,,,,,,94.0
AS14.33,2014-05-22,5.75,0.5,8.838000000000001,,,,,,,,,,,,,,,,,95.0
AS14.33,2014-05-23,5.833333333333333,-0.8333333333333334,0.0,,,,,,,,,,,,,,,,,96.0
AS14.33,2014-05-24,6.4,-0.75,0.0,,,,,,,,,,,,,,,,,97.0
AS14.33,2014-05-25,6.25,-0.75,96.982,,,,,,,,,,,,,,,,,98.0
AS14.33,2014-05-26,5.4,-0.4,0.0,,,,,,,,,,,,,,,,,99.0
AS14.33,2014-05-27,6.2,-0.6,56.173,,,,,,,,,,,,,,,,,100.0
AS14.33,2014-05-28,8.2,0.0,30.665999999999997,,,,,,,,,,,,,,,,,101.0
AS14.33,2014-05-29,7.0,-1.3333333333333333,3.199,,,,,,,,,,,,,,,,,102.0
AS14.33,2014-05-30,6.8,-0.8,232.825,,,,,,,,,,,,,,,,,103.0
AS14.33,2014-05-31,7.0,-2.0,1.0,,,,,,,,,,,,,,,,,104.0
